[
  {
    "image": "https://lb2nastorage-hk-cdn-endpoint.azureedge.net/nft-image/bin/nft/ol/20057.png",
    "salePrice": "0.004 USDT",
    "desc": "None",
    "name": "Chainsaw",
    "type": "Members",
    "faction": "Neutral",
    "rarity": "Common",
    "cost": "6",
    "level": "1",
    "exp": "1",
    "foil": "Regular",
    "attack": "13",
    "armor": "0",
    "honor points": "5",
    "source": "All"
  },
  {
    "image": "https://lb2nastorage-hk-cdn-endpoint.azureedge.net/nft-image/bin/nft/ol/20057.png",
    "salePrice": "0.024 USDT",
    "desc": "None",
    "name": "Chainsaw",
    "type": "Members",
    "faction": "Neutral",
    "rarity": "Common",
    "cost": "6",
    "level": "2",
    "exp": "5",
    "foil": "Regular",
    "attack": "15",
    "armor": "0",
    "honor points": "25",
    "source": "All"
  },
  {
    "image": "https://lb2nastorage-hk-cdn-endpoint.azureedge.net/nft-image/bin/nft/ol/20057.png",
    "salePrice": "0.075 USDT",
    "desc": "None",
    "name": "Chainsaw",
    "type": "Members",
    "faction": "Neutral",
    "rarity": "Common",
    "cost": "6",
    "level": "3",
    "exp": "15",
    "foil": "Regular",
    "attack": "17",
    "armor": "0",
    "honor points": "75",
    "source": "All"
  },
  {
    "image": "https://lb2nastorage-hk-cdn-endpoint.azureedge.net/nft-image/bin/nft/ol/20057.png",
    "salePrice": "0.239 USDT",
    "desc": "None",
    "name": "Chainsaw",
    "type": "Members",
    "faction": "Neutral",
    "rarity": "Common",
    "cost": "6",
    "level": "4",
    "exp": "30",
    "foil": "Regular",
    "attack": "19",
    "armor": "0",
    "honor points": "150",
    "source": "All"
  },
  {
    "image": "https://lb2nastorage-hk-cdn-endpoint.azureedge.net/nft-image/bin/nft/ol/20057.png",
    "salePrice": "0.42 USDT",
    "desc": "None",
    "name": "Chainsaw",
    "type": "Members",
    "faction": "Neutral",
    "rarity": "Common",
    "cost": "6",
    "level": "5",
    "exp": "60",
    "foil": "Regular",
    "attack": "21",
    "armor": "0",
    "honor points": "300",
    "source": "All"
  }
]