[
  {
    "image": "https://lb2nastorage-hk-cdn-endpoint.azureedge.net/nft-image/bin/nft/ol/20014.png",
    "salePrice": "0.015 USDT",
    "desc": "Before attack → all friendly <Frying Pan> gain +1 Power.",
    "name": "Turner",
    "type": "Members",
    "faction": "Neutral",
    "rarity": "Rare",
    "cost": "4",
    "level": "1",
    "exp": "1",
    "foil": "Regular",
    "attack": "7",
    "armor": "0",
    "honor points": "20",
    "source": "All"
  },
  {
    "image": "https://lb2nastorage-hk-cdn-endpoint.azureedge.net/nft-image/bin/nft/ol/20014.png",
    "salePrice": "0.162 USDT",
    "desc": "Before attack → all friendly <Frying Pan> gain +1 Power.",
    "name": "Turner",
    "type": "Members",
    "faction": "Neutral",
    "rarity": "Rare",
    "cost": "4",
    "level": "2",
    "exp": "9",
    "foil": "Regular",
    "attack": "8",
    "armor": "0",
    "honor points": "180",
    "source": "All"
  },
  {
    "image": "https://lb2nastorage-hk-cdn-endpoint.azureedge.net/nft-image/bin/nft/ol/20014.png",
    "salePrice": "0.215 USDT",
    "desc": "Before attack → all friendly <Frying Pan> gain +2 Power.",
    "name": "Turner",
    "type": "Members",
    "faction": "Neutral",
    "rarity": "Rare",
    "cost": "4",
    "level": "3",
    "exp": "12",
    "foil": "Regular",
    "attack": "9",
    "armor": "0",
    "honor points": "240",
    "source": "All"
  },
  {
    "image": "https://lb2nastorage-hk-cdn-endpoint.azureedge.net/nft-image/bin/nft/ol/20014.png",
    "salePrice": "0.6 USDT",
    "desc": "Before attack → all friendly <Frying Pan> gain +3 Power.",
    "name": "Turner",
    "type": "Members",
    "faction": "Neutral",
    "rarity": "Rare",
    "cost": "4",
    "level": "5",
    "exp": "50",
    "foil": "Regular",
    "attack": "11",
    "armor": "0",
    "honor points": "1000",
    "source": "All"
  }
]