[
  {
    "image": "https://lb2nastorage-hk-cdn-endpoint.azureedge.net/nft-image/bin/nft/ol/20009.png",
    "salePrice": "0.06 USDT",
    "desc": "Attack and survive → Deal 3 to 4 damage to the nearest member behind the target.",
    "name": "Joyful Lamb",
    "type": "Members",
    "faction": "Animal",
    "rarity": "Rare",
    "cost": "4",
    "level": "1",
    "exp": "1",
    "foil": "Regular",
    "attack": "7",
    "armor": "0",
    "honor points": "20",
    "source": "All"
  },
  {
    "image": "https://lb2nastorage-hk-cdn-endpoint.azureedge.net/nft-image/bin/nft/ol/20009.png",
    "salePrice": "0.28 USDT",
    "desc": "Attack and survive → Deal 3 to 4 damage to the nearest member behind the target.",
    "name": "Joyful Lamb",
    "type": "Members",
    "faction": "Animal",
    "rarity": "Rare",
    "cost": "4",
    "level": "2",
    "exp": "4",
    "foil": "Regular",
    "attack": "8",
    "armor": "0",
    "honor points": "80",
    "source": "All"
  },
  {
    "image": "https://lb2nastorage-hk-cdn-endpoint.azureedge.net/nft-image/bin/nft/ol/20009.png",
    "salePrice": "0.38 USDT",
    "desc": "Attack and survive → Deal 4 to 5 damage to the nearest member behind the target.",
    "name": "Joyful Lamb",
    "type": "Members",
    "faction": "Animal",
    "rarity": "Rare",
    "cost": "4",
    "level": "3",
    "exp": "10",
    "foil": "Regular",
    "attack": "9",
    "armor": "0",
    "honor points": "200",
    "source": "All"
  },
  {
    "image": "https://lb2nastorage-hk-cdn-endpoint.azureedge.net/nft-image/bin/nft/ol/20009.png",
    "salePrice": "1.75 USDT",
    "desc": "Attack and survive → Deal 5 to 6 damage to the nearest member behind the target.",
    "name": "Joyful Lamb",
    "type": "Members",
    "faction": "Animal",
    "rarity": "Rare",
    "cost": "4",
    "level": "5",
    "exp": "35",
    "foil": "Regular",
    "attack": "11",
    "armor": "0",
    "honor points": "700",
    "source": "All"
  }
]