[
  {
    "image": "https://lb2nastorage-hk-cdn-endpoint.azureedge.net/nft-image/bin/nft/ol/10006.png",
    "salePrice": "0.3 USDT",
    "desc": "Friendly Zombie members knocked out → deal 3 damage to 1 enemy member(s). <triggered 4 time(s)>",
    "name": "Cheerleader Zombie",
    "type": "Leaders",
    "faction": "Zombie",
    "rarity": "Rare",
    "cost": "0",
    "level": "1",
    "exp": "1",
    "foil": "Regular",
    "attack": "0",
    "armor": "0",
    "honor points": "20",
    "source": "All"
  },
  {
    "image": "https://lb2nastorage-hk-cdn-endpoint.azureedge.net/nft-image/bin/nft/ol/10006.png",
    "salePrice": "0.592 USDT",
    "desc": "Friendly Zombie members knocked out → deal 3 damage to 1 enemy member(s). <triggered 4 time(s)>",
    "name": "Cheerleader Zombie",
    "type": "Leaders",
    "faction": "Zombie",
    "rarity": "Rare",
    "cost": "0",
    "level": "2",
    "exp": "4",
    "foil": "Regular",
    "attack": "0",
    "armor": "0",
    "honor points": "80",
    "source": "All"
  },
  {
    "image": "https://lb2nastorage-hk-cdn-endpoint.azureedge.net/nft-image/bin/nft/ol/10006.png",
    "salePrice": "1.3 USDT",
    "desc": "Friendly Zombie members knocked out → deal 4 damage to 1 enemy member(s). <triggered 4 time(s)>",
    "name": "Cheerleader Zombie",
    "type": "Leaders",
    "faction": "Zombie",
    "rarity": "Rare",
    "cost": "0",
    "level": "3",
    "exp": "10",
    "foil": "Regular",
    "attack": "0",
    "armor": "0",
    "honor points": "200",
    "source": "All"
  },
  {
    "image": "https://lb2nastorage-hk-cdn-endpoint.azureedge.net/nft-image/bin/nft/ol/10006.png",
    "salePrice": "4.1 USDT",
    "desc": "Friendly Zombie members knocked out → deal 5 damage to 1 enemy member(s). <triggered 4 time(s)>",
    "name": "Cheerleader Zombie",
    "type": "Leaders",
    "faction": "Zombie",
    "rarity": "Rare",
    "cost": "0",
    "level": "5",
    "exp": "35",
    "foil": "Regular",
    "attack": "0",
    "armor": "0",
    "honor points": "700",
    "source": "All"
  },
  {
    "image": "https://lb2nastorage-hk-cdn-endpoint.azureedge.net/nft-image/bin/nft/ol/10006.png",
    "salePrice": "6.6 USDT",
    "desc": "Friendly Zombie members knocked out → deal 5 damage to 1 enemy member(s). <triggered 4 time(s)>",
    "name": "Cheerleader Zombie",
    "type": "Leaders",
    "faction": "Zombie",
    "rarity": "Rare",
    "cost": "0",
    "level": "6",
    "exp": "55",
    "foil": "Regular",
    "attack": "0",
    "armor": "0",
    "honor points": "1100",
    "source": "All"
  },
  {
    "image": "https://lb2nastorage-hk-cdn-endpoint.azureedge.net/nft-image/bin/nft/ol/10006.png",
    "salePrice": "10.499 USDT",
    "desc": "Friendly Zombie members knocked out → deal 7 damage to 1 enemy member(s). <triggered 4 time(s)>",
    "name": "Cheerleader Zombie",
    "type": "Leaders",
    "faction": "Zombie",
    "rarity": "Rare",
    "cost": "0",
    "level": "8",
    "exp": "110",
    "foil": "Regular",
    "attack": "0",
    "armor": "0",
    "honor points": "2200",
    "source": "All"
  }
]