[
  {
    "image": "https://lb2nastorage-hk-cdn-endpoint.azureedge.net/nft-image/bin/nft/ol/20025_g.png",
    "salePrice": "5.8 USDT",
    "desc": "When the attack deals damage → knock out the target directly.",
    "name": "Poison(Gold)",
    "type": "Members",
    "faction": "Neutral",
    "rarity": "Epic",
    "cost": "3",
    "level": "1",
    "exp": "1",
    "foil": "Gold",
    "attack": "1",
    "armor": "0",
    "honor points": "1000",
    "source": "Ahoy Box"
  },
  {
    "image": "https://lb2nastorage-hk-cdn-endpoint.azureedge.net/nft-image/bin/nft/ol/20025_g.png",
    "salePrice": "23.2 USDT",
    "desc": "When the attack deals damage → knock out the target directly.",
    "name": "Poison(Gold)",
    "type": "Members",
    "faction": "Neutral",
    "rarity": "Epic",
    "cost": "3",
    "level": "3",
    "exp": "4",
    "foil": "Gold",
    "attack": "3",
    "armor": "0",
    "honor points": "4000",
    "source": "Ahoy Box"
  }
]