[
  {
    "image": "https://lb2nastorage-hk-cdn-endpoint.azureedge.net/nft-image/bin/nft/ol/20044_g.png",
    "salePrice": "0.22 USDT",
    "desc": "Start of battle → Deal 3 to 5 damage to the last enemy member.",
    "name": "Miner Zombie(Gold)",
    "type": "Members",
    "faction": "Zombie",
    "rarity": "Rare",
    "cost": "3",
    "level": "1",
    "exp": "1",
    "foil": "Gold",
    "attack": "6",
    "armor": "0",
    "honor points": "200",
    "source": "All"
  },
  {
    "image": "https://lb2nastorage-hk-cdn-endpoint.azureedge.net/nft-image/bin/nft/ol/20044_g.png",
    "salePrice": "1.01 USDT",
    "desc": "Start of battle → Deal 3 to 5 damage to the last enemy member.",
    "name": "Miner Zombie(Gold)",
    "type": "Members",
    "faction": "Zombie",
    "rarity": "Rare",
    "cost": "3",
    "level": "2",
    "exp": "3",
    "foil": "Gold",
    "attack": "7",
    "armor": "0",
    "honor points": "600",
    "source": "All"
  },
  {
    "image": "https://lb2nastorage-hk-cdn-endpoint.azureedge.net/nft-image/bin/nft/ol/20044_g.png",
    "salePrice": "1.2 USDT",
    "desc": "Start of battle → Deal 4 to 6 damage to the last enemy member.",
    "name": "Miner Zombie(Gold)",
    "type": "Members",
    "faction": "Zombie",
    "rarity": "Rare",
    "cost": "3",
    "level": "3",
    "exp": "6",
    "foil": "Gold",
    "attack": "8",
    "armor": "0",
    "honor points": "1200",
    "source": "All"
  },
  {
    "image": "https://lb2nastorage-hk-cdn-endpoint.azureedge.net/nft-image/bin/nft/ol/20044_g.png",
    "salePrice": "3.3 USDT",
    "desc": "Start of battle → Deal 5 to 7 damage to the last enemy member.",
    "name": "Miner Zombie(Gold)",
    "type": "Members",
    "faction": "Zombie",
    "rarity": "Rare",
    "cost": "3",
    "level": "5",
    "exp": "15",
    "foil": "Gold",
    "attack": "10",
    "armor": "0",
    "honor points": "3000",
    "source": "All"
  },
  {
    "image": "https://lb2nastorage-hk-cdn-endpoint.azureedge.net/nft-image/bin/nft/ol/20044_g.png",
    "salePrice": "4.95 USDT",
    "desc": "Start of battle → Deal 5 to 7 damage to the last enemy member.",
    "name": "Miner Zombie(Gold)",
    "type": "Members",
    "faction": "Zombie",
    "rarity": "Rare",
    "cost": "3",
    "level": "7",
    "exp": "33",
    "foil": "Gold",
    "attack": "12",
    "armor": "0",
    "honor points": "6600",
    "source": "All"
  },
  {
    "image": "https://lb2nastorage-hk-cdn-endpoint.azureedge.net/nft-image/bin/nft/ol/20044_g.png",
    "salePrice": "5.04 USDT",
    "desc": "Start of battle → Deal 6 to 8 damage to the last enemy member.",
    "name": "Miner Zombie(Gold)",
    "type": "Members",
    "faction": "Zombie",
    "rarity": "Rare",
    "cost": "3",
    "level": "8",
    "exp": "36",
    "foil": "Gold",
    "attack": "13",
    "armor": "0",
    "honor points": "7200",
    "source": "All"
  }
]