[
  {
    "image": "https://lb2nastorage-hk-cdn-endpoint.azureedge.net/nft-image/bin/nft/ol/20029_g.png",
    "salePrice": "0.036 USDT",
    "desc": "None",
    "name": "Snail(Gold)",
    "type": "Members",
    "faction": "Animal",
    "rarity": "Common",
    "cost": "1",
    "level": "1",
    "exp": "1",
    "foil": "Gold",
    "attack": "2",
    "armor": "2",
    "honor points": "50",
    "source": "All"
  },
  {
    "image": "https://lb2nastorage-hk-cdn-endpoint.azureedge.net/nft-image/bin/nft/ol/20029_g.png",
    "salePrice": "0.42 USDT",
    "desc": "None",
    "name": "Snail(Gold)",
    "type": "Members",
    "faction": "Animal",
    "rarity": "Common",
    "cost": "1",
    "level": "2",
    "exp": "5",
    "foil": "Gold",
    "attack": "2",
    "armor": "3",
    "honor points": "250",
    "source": "All"
  }
]