[
  {
    "image": "https://lb2nastorage-hk-cdn-endpoint.azureedge.net/nft-image/bin/nft/ol/20005.png",
    "salePrice": "1.73 USDT",
    "desc": "Start of battle → gain (the number of friendly <Death Whisper> members)X2 Power.",
    "name": "Star Zombie",
    "type": "Members",
    "faction": "Zombie",
    "rarity": "Epic",
    "cost": "6",
    "level": "1",
    "exp": "1",
    "foil": "Regular",
    "attack": "11",
    "armor": "0",
    "honor points": "100",
    "source": "Ahoy Box"
  },
  {
    "image": "https://lb2nastorage-hk-cdn-endpoint.azureedge.net/nft-image/bin/nft/ol/20005.png",
    "salePrice": "21 USDT",
    "desc": "Start of battle → gain (the number of friendly <Death Whisper> members)X2 Power.",
    "name": "Star Zombie",
    "type": "Members",
    "faction": "Zombie",
    "rarity": "Epic",
    "cost": "6",
    "level": "2",
    "exp": "3",
    "foil": "Regular",
    "attack": "13",
    "armor": "0",
    "honor points": "300",
    "source": "Ahoy Box"
  },
  {
    "image": "https://lb2nastorage-hk-cdn-endpoint.azureedge.net/nft-image/bin/nft/ol/20005.png",
    "salePrice": "8.994 USDT",
    "desc": "Start of battle → gain (the number of friendly <Death Whisper> members)X3 Power.",
    "name": "Star Zombie",
    "type": "Members",
    "faction": "Zombie",
    "rarity": "Epic",
    "cost": "6",
    "level": "3",
    "exp": "6",
    "foil": "Regular",
    "attack": "15",
    "armor": "0",
    "honor points": "600",
    "source": "Ahoy Box"
  },
  {
    "image": "https://lb2nastorage-hk-cdn-endpoint.azureedge.net/nft-image/bin/nft/ol/20005.png",
    "salePrice": "12 USDT",
    "desc": "Start of battle → gain (the number of friendly <Death Whisper> members)X4 Power.",
    "name": "Star Zombie",
    "type": "Members",
    "faction": "Zombie",
    "rarity": "Epic",
    "cost": "6",
    "level": "5",
    "exp": "16",
    "foil": "Regular",
    "attack": "19",
    "armor": "0",
    "honor points": "1600",
    "source": "Ahoy Box"
  },
  {
    "image": "https://lb2nastorage-hk-cdn-endpoint.azureedge.net/nft-image/bin/nft/ol/20005.png",
    "salePrice": "48 USDT",
    "desc": "Start of battle → gain (the number of friendly <Death Whisper> members)X5 Power.",
    "name": "Star Zombie",
    "type": "Members",
    "faction": "Zombie",
    "rarity": "Epic",
    "cost": "6",
    "level": "8",
    "exp": "40",
    "foil": "Regular",
    "attack": "25",
    "armor": "0",
    "honor points": "4000",
    "source": "Ahoy Box"
  }
]