[
  {
    "image": "https://lb2nastorage-hk-cdn-endpoint.azureedge.net/nft-image/bin/nft/ol/20082.png",
    "salePrice": "0.778 USDT",
    "desc": "Attack and survive → Gain +3 Power. If there's a friendly <Kitty Bot> in the team, the skill's effect is multiplied by 2.",
    "name": "Doggy Bot",
    "type": "Members",
    "faction": "Mech",
    "rarity": "Epic",
    "cost": "5",
    "level": "1",
    "exp": "1",
    "foil": "Regular",
    "attack": "10",
    "armor": "0",
    "honor points": "100",
    "source": "Ladder Chest"
  },
  {
    "image": "https://lb2nastorage-hk-cdn-endpoint.azureedge.net/nft-image/bin/nft/ol/20082.png",
    "salePrice": "4.5 USDT",
    "desc": "Attack and survive → Gain +4 Power. If there's a friendly <Kitty Bot> in the team, the skill's effect is multiplied by 2.",
    "name": "Doggy Bot",
    "type": "Members",
    "faction": "Mech",
    "rarity": "Epic",
    "cost": "5",
    "level": "3",
    "exp": "6",
    "foil": "Regular",
    "attack": "12",
    "armor": "0",
    "honor points": "600",
    "source": "Ladder Chest"
  }
]