[
  {
    "image": "https://lb2nastorage-hk-cdn-endpoint.azureedge.net/nft-image/bin/nft/ol/20067.png",
    "salePrice": "0.109 USDT",
    "desc": "Hurt → deal 2 to 4 damage to the enemy member with the highest Power.",
    "name": "Pineapple",
    "type": "Members",
    "faction": "Plant",
    "rarity": "Rare",
    "cost": "4",
    "level": "1",
    "exp": "1",
    "foil": "Regular",
    "attack": "2",
    "armor": "10",
    "honor points": "20",
    "source": "All"
  },
  {
    "image": "https://lb2nastorage-hk-cdn-endpoint.azureedge.net/nft-image/bin/nft/ol/20067.png",
    "salePrice": "0.444 USDT",
    "desc": "Hurt → deal 2 to 4 damage to the enemy member with the highest Power.",
    "name": "Pineapple",
    "type": "Members",
    "faction": "Plant",
    "rarity": "Rare",
    "cost": "4",
    "level": "2",
    "exp": "4",
    "foil": "Regular",
    "attack": "3",
    "armor": "10",
    "honor points": "80",
    "source": "All"
  },
  {
    "image": "https://lb2nastorage-hk-cdn-endpoint.azureedge.net/nft-image/bin/nft/ol/20067.png",
    "salePrice": "0.8 USDT",
    "desc": "Hurt → deal 3 to 5 damage to the enemy member with the highest Power.",
    "name": "Pineapple",
    "type": "Members",
    "faction": "Plant",
    "rarity": "Rare",
    "cost": "4",
    "level": "3",
    "exp": "10",
    "foil": "Regular",
    "attack": "4",
    "armor": "10",
    "honor points": "200",
    "source": "All"
  },
  {
    "image": "https://lb2nastorage-hk-cdn-endpoint.azureedge.net/nft-image/bin/nft/ol/20067.png",
    "salePrice": "3.5 USDT",
    "desc": "Hurt → deal 4 to 6 damage to the enemy member with the highest Power.",
    "name": "Pineapple",
    "type": "Members",
    "faction": "Plant",
    "rarity": "Rare",
    "cost": "4",
    "level": "5",
    "exp": "39",
    "foil": "Regular",
    "attack": "6",
    "armor": "10",
    "honor points": "780",
    "source": "All"
  },
  {
    "image": "https://lb2nastorage-hk-cdn-endpoint.azureedge.net/nft-image/bin/nft/ol/20067.png",
    "salePrice": "10 USDT",
    "desc": "Hurt → deal 4 to 6 damage to the enemy member with the highest Power.",
    "name": "Pineapple",
    "type": "Members",
    "faction": "Plant",
    "rarity": "Rare",
    "cost": "4",
    "level": "7",
    "exp": "87",
    "foil": "Regular",
    "attack": "8",
    "armor": "10",
    "honor points": "1740",
    "source": "All"
  }
]