[
  {
    "image": "https://lb2nastorage-hk-cdn-endpoint.azureedge.net/nft-image/bin/nft/ol/20074.png",
    "salePrice": "2 USDT",
    "desc": "Friendly Mech members knocked out → Summon 1 <Avenger D1> with the same level as this card at the end of the team. <triggered 3 time(s)>",
    "name": "Avenger D0",
    "type": "Members",
    "faction": "Mech",
    "rarity": "Epic",
    "cost": "6",
    "level": "1",
    "exp": "1",
    "foil": "Regular",
    "attack": "13",
    "armor": "0",
    "honor points": "100",
    "source": "Alchemy"
  },
  {
    "image": "https://lb2nastorage-hk-cdn-endpoint.azureedge.net/nft-image/bin/nft/ol/20074.png",
    "salePrice": "31.84 USDT",
    "desc": "Friendly Mech members knocked out → Summon 1 <Avenger D1> with the same level as this card at the end of the team. <triggered 3 time(s)>",
    "name": "Avenger D0",
    "type": "Members",
    "faction": "Mech",
    "rarity": "Epic",
    "cost": "6",
    "level": "5",
    "exp": "16",
    "foil": "Regular",
    "attack": "21",
    "armor": "0",
    "honor points": "1600",
    "source": "Alchemy"
  },
  {
    "image": "https://lb2nastorage-hk-cdn-endpoint.azureedge.net/nft-image/bin/nft/ol/20074.png",
    "salePrice": "112 USDT",
    "desc": "Friendly Mech members knocked out → Summon 1 <Avenger D1> with the same level as this card at the end of the team. <triggered 3 time(s)>",
    "name": "Avenger D0",
    "type": "Members",
    "faction": "Mech",
    "rarity": "Epic",
    "cost": "6",
    "level": "8",
    "exp": "40",
    "foil": "Regular",
    "attack": "27",
    "armor": "0",
    "honor points": "4000",
    "source": "Alchemy"
  }
]