[
  {
    "image": "https://lb2nastorage-hk-cdn-endpoint.azureedge.net/nft-image/bin/nft/ol/20007.png",
    "salePrice": "0.004 USDT",
    "desc": "Knock out an enemy and survive → deal 2 to 4 damage to 1 enemy member(s).",
    "name": "Arrogant Boar",
    "type": "Members",
    "faction": "Animal",
    "rarity": "Common",
    "cost": "4",
    "level": "1",
    "exp": "1",
    "foil": "Regular",
    "attack": "6",
    "armor": "0",
    "honor points": "5",
    "source": "All"
  },
  {
    "image": "https://lb2nastorage-hk-cdn-endpoint.azureedge.net/nft-image/bin/nft/ol/20007.png",
    "salePrice": "0.02 USDT",
    "desc": "Knock out an enemy and survive → deal 2 to 4 damage to 1 enemy member(s).",
    "name": "Arrogant Boar",
    "type": "Members",
    "faction": "Animal",
    "rarity": "Common",
    "cost": "4",
    "level": "2",
    "exp": "5",
    "foil": "Regular",
    "attack": "7",
    "armor": "0",
    "honor points": "25",
    "source": "All"
  },
  {
    "image": "https://lb2nastorage-hk-cdn-endpoint.azureedge.net/nft-image/bin/nft/ol/20007.png",
    "salePrice": "0.068 USDT",
    "desc": "Knock out an enemy and survive → deal 3 to 5 damage to 1 enemy member(s).",
    "name": "Arrogant Boar",
    "type": "Members",
    "faction": "Animal",
    "rarity": "Common",
    "cost": "4",
    "level": "3",
    "exp": "17",
    "foil": "Regular",
    "attack": "8",
    "armor": "0",
    "honor points": "85",
    "source": "All"
  },
  {
    "image": "https://lb2nastorage-hk-cdn-endpoint.azureedge.net/nft-image/bin/nft/ol/20007.png",
    "salePrice": "0.11 USDT",
    "desc": "Knock out an enemy and survive → deal 3 to 5 damage to 1 enemy member(s).",
    "name": "Arrogant Boar",
    "type": "Members",
    "faction": "Animal",
    "rarity": "Common",
    "cost": "4",
    "level": "4",
    "exp": "30",
    "foil": "Regular",
    "attack": "9",
    "armor": "0",
    "honor points": "150",
    "source": "All"
  },
  {
    "image": "https://lb2nastorage-hk-cdn-endpoint.azureedge.net/nft-image/bin/nft/ol/20007.png",
    "salePrice": "0.248 USDT",
    "desc": "Knock out an enemy and survive → deal 4 to 6 damage to 1 enemy member(s).",
    "name": "Arrogant Boar",
    "type": "Members",
    "faction": "Animal",
    "rarity": "Common",
    "cost": "4",
    "level": "5",
    "exp": "62",
    "foil": "Regular",
    "attack": "10",
    "armor": "0",
    "honor points": "310",
    "source": "All"
  }
]