[
  {
    "image": "https://lb2nastorage-hk-cdn-endpoint.azureedge.net/nft-image/bin/nft/ol/20039_g.png",
    "salePrice": "0.035 USDT",
    "desc": "None",
    "name": "Spiked Bat(Gold)",
    "type": "Members",
    "faction": "Neutral",
    "rarity": "Common",
    "cost": "2",
    "level": "1",
    "exp": "1",
    "foil": "Gold",
    "attack": "5",
    "armor": "0",
    "honor points": "50",
    "source": "All"
  },
  {
    "image": "https://lb2nastorage-hk-cdn-endpoint.azureedge.net/nft-image/bin/nft/ol/20039_g.png",
    "salePrice": "0.234 USDT",
    "desc": "None",
    "name": "Spiked Bat(Gold)",
    "type": "Members",
    "faction": "Neutral",
    "rarity": "Common",
    "cost": "2",
    "level": "2",
    "exp": "6",
    "foil": "Gold",
    "attack": "5",
    "armor": "1",
    "honor points": "300",
    "source": "All"
  },
  {
    "image": "https://lb2nastorage-hk-cdn-endpoint.azureedge.net/nft-image/bin/nft/ol/20039_g.png",
    "salePrice": "0.418 USDT",
    "desc": "None",
    "name": "Spiked Bat(Gold)",
    "type": "Members",
    "faction": "Neutral",
    "rarity": "Common",
    "cost": "2",
    "level": "3",
    "exp": "11",
    "foil": "Gold",
    "attack": "5",
    "armor": "2",
    "honor points": "550",
    "source": "All"
  },
  {
    "image": "https://lb2nastorage-hk-cdn-endpoint.azureedge.net/nft-image/bin/nft/ol/20039_g.png",
    "salePrice": "1.482 USDT",
    "desc": "None",
    "name": "Spiked Bat(Gold)",
    "type": "Members",
    "faction": "Neutral",
    "rarity": "Common",
    "cost": "2",
    "level": "5",
    "exp": "26",
    "foil": "Gold",
    "attack": "5",
    "armor": "4",
    "honor points": "1300",
    "source": "All"
  }
]