[
  {
    "image": "https://lb2nastorage-hk-cdn-endpoint.azureedge.net/nft-image/bin/nft/ol/10006_g.png",
    "salePrice": "2.45 USDT",
    "desc": "Friendly Zombie members knocked out → deal 3 damage to 1 enemy member(s). <triggered 4 time(s)>",
    "name": "Cheerleader Zombie(Gold)",
    "type": "Leaders",
    "faction": "Zombie",
    "rarity": "Rare",
    "cost": "0",
    "level": "1",
    "exp": "1",
    "foil": "Gold",
    "attack": "0",
    "armor": "0",
    "honor points": "200",
    "source": "All"
  },
  {
    "image": "https://lb2nastorage-hk-cdn-endpoint.azureedge.net/nft-image/bin/nft/ol/10006_g.png",
    "salePrice": "7.485 USDT",
    "desc": "Friendly Zombie members knocked out → deal 3 damage to 1 enemy member(s). <triggered 4 time(s)>",
    "name": "Cheerleader Zombie(Gold)",
    "type": "Leaders",
    "faction": "Zombie",
    "rarity": "Rare",
    "cost": "0",
    "level": "2",
    "exp": "3",
    "foil": "Gold",
    "attack": "0",
    "armor": "0",
    "honor points": "600",
    "source": "All"
  },
  {
    "image": "https://lb2nastorage-hk-cdn-endpoint.azureedge.net/nft-image/bin/nft/ol/10006_g.png",
    "salePrice": "14.4 USDT",
    "desc": "Friendly Zombie members knocked out → deal 4 damage to 1 enemy member(s). <triggered 4 time(s)>",
    "name": "Cheerleader Zombie(Gold)",
    "type": "Leaders",
    "faction": "Zombie",
    "rarity": "Rare",
    "cost": "0",
    "level": "3",
    "exp": "6",
    "foil": "Gold",
    "attack": "0",
    "armor": "0",
    "honor points": "1200",
    "source": "All"
  },
  {
    "image": "https://lb2nastorage-hk-cdn-endpoint.azureedge.net/nft-image/bin/nft/ol/10006_g.png",
    "salePrice": "24.99 USDT",
    "desc": "Friendly Zombie members knocked out → deal 4 damage to 1 enemy member(s). <triggered 4 time(s)>",
    "name": "Cheerleader Zombie(Gold)",
    "type": "Leaders",
    "faction": "Zombie",
    "rarity": "Rare",
    "cost": "0",
    "level": "4",
    "exp": "10",
    "foil": "Gold",
    "attack": "0",
    "armor": "0",
    "honor points": "2000",
    "source": "All"
  },
  {
    "image": "https://lb2nastorage-hk-cdn-endpoint.azureedge.net/nft-image/bin/nft/ol/10006_g.png",
    "salePrice": "34.95 USDT",
    "desc": "Friendly Zombie members knocked out → deal 5 damage to 1 enemy member(s). <triggered 4 time(s)>",
    "name": "Cheerleader Zombie(Gold)",
    "type": "Leaders",
    "faction": "Zombie",
    "rarity": "Rare",
    "cost": "0",
    "level": "5",
    "exp": "15",
    "foil": "Gold",
    "attack": "0",
    "armor": "0",
    "honor points": "3000",
    "source": "All"
  }
]