[
  {
    "image": "https://lb2nastorage-hk-cdn-endpoint.azureedge.net/nft-image/bin/nft/ol/20078_g.png",
    "salePrice": "1.7 USDT",
    "desc": "Hurt → If the nearest member behind is a Mech member, give the member +2 Power.",
    "name": "Alarm Bot(Gold)",
    "type": "Members",
    "faction": "Mech",
    "rarity": "Epic",
    "cost": "4",
    "level": "1",
    "exp": "1",
    "foil": "Gold",
    "attack": "4",
    "armor": "10",
    "honor points": "1000",
    "source": "Ahoy Box"
  },
  {
    "image": "https://lb2nastorage-hk-cdn-endpoint.azureedge.net/nft-image/bin/nft/ol/20078_g.png",
    "salePrice": "4.68 USDT",
    "desc": "Hurt → If the nearest member behind is a Mech member, give the member +2 Power.",
    "name": "Alarm Bot(Gold)",
    "type": "Members",
    "faction": "Mech",
    "rarity": "Epic",
    "cost": "4",
    "level": "2",
    "exp": "2",
    "foil": "Gold",
    "attack": "5",
    "armor": "11",
    "honor points": "2000",
    "source": "Ahoy Box"
  }
]