[
  {
    "image": "https://lb2nastorage-hk-cdn-endpoint.azureedge.net/nft-image/bin/nft/ol/20021.png",
    "salePrice": "0.18 USDT",
    "desc": "Attack and survive → give 1 friendly Animal member(s) +4 to 6 Armor.",
    "name": "Tortoise Bro",
    "type": "Members",
    "faction": "Animal",
    "rarity": "Rare",
    "cost": "5",
    "level": "1",
    "exp": "1",
    "foil": "Regular",
    "attack": "6",
    "armor": "6",
    "honor points": "20",
    "source": "All"
  },
  {
    "image": "https://lb2nastorage-hk-cdn-endpoint.azureedge.net/nft-image/bin/nft/ol/20021.png",
    "salePrice": "1.8 USDT",
    "desc": "Attack and survive → give 1 friendly Animal member(s) +5 to 7 Armor.",
    "name": "Tortoise Bro",
    "type": "Members",
    "faction": "Animal",
    "rarity": "Rare",
    "cost": "5",
    "level": "3",
    "exp": "10",
    "foil": "Regular",
    "attack": "8",
    "armor": "6",
    "honor points": "200",
    "source": "All"
  },
  {
    "image": "https://lb2nastorage-hk-cdn-endpoint.azureedge.net/nft-image/bin/nft/ol/20021.png",
    "salePrice": "7.5 USDT",
    "desc": "Attack and survive → give 1 friendly Animal member(s) +5 to 7 Armor.",
    "name": "Tortoise Bro",
    "type": "Members",
    "faction": "Animal",
    "rarity": "Rare",
    "cost": "5",
    "level": "4",
    "exp": "25",
    "foil": "Regular",
    "attack": "9",
    "armor": "6",
    "honor points": "500",
    "source": "All"
  },
  {
    "image": "https://lb2nastorage-hk-cdn-endpoint.azureedge.net/nft-image/bin/nft/ol/20021.png",
    "salePrice": "5 USDT",
    "desc": "Attack and survive → give 1 friendly Animal member(s) +7 to 9 Armor.",
    "name": "Tortoise Bro",
    "type": "Members",
    "faction": "Animal",
    "rarity": "Rare",
    "cost": "5",
    "level": "5",
    "exp": "37",
    "foil": "Regular",
    "attack": "10",
    "armor": "6",
    "honor points": "740",
    "source": "All"
  },
  {
    "image": "https://lb2nastorage-hk-cdn-endpoint.azureedge.net/nft-image/bin/nft/ol/20021.png",
    "salePrice": "20 USDT",
    "desc": "Attack and survive → give 1 friendly Animal member(s) +9 to 11 Armor.",
    "name": "Tortoise Bro",
    "type": "Members",
    "faction": "Animal",
    "rarity": "Rare",
    "cost": "5",
    "level": "8",
    "exp": "110",
    "foil": "Regular",
    "attack": "13",
    "armor": "6",
    "honor points": "2200",
    "source": "All"
  }
]