[
  {
    "image": "https://lb2nastorage-hk-cdn-endpoint.azureedge.net/nft-image/bin/nft/ol/10015_g.png",
    "salePrice": "1.9 USDT",
    "desc": "Friendly Zombie members summoned → give +2 to 3 Power to the friendly Zombie member with the highest Power. <triggered 4 time(s)>",
    "name": "Zombie Bride(Gold)",
    "type": "Leaders",
    "faction": "Zombie",
    "rarity": "Epic",
    "cost": "2",
    "level": "1",
    "exp": "1",
    "foil": "Gold",
    "attack": "0",
    "armor": "0",
    "honor points": "1000",
    "source": "Ahoy Box"
  },
  {
    "image": "https://lb2nastorage-hk-cdn-endpoint.azureedge.net/nft-image/bin/nft/ol/10015_g.png",
    "salePrice": "3.98 USDT",
    "desc": "Friendly Zombie members summoned → give +2 to 3 Power to the friendly Zombie member with the highest Power. <triggered 4 time(s)>",
    "name": "Zombie Bride(Gold)",
    "type": "Leaders",
    "faction": "Zombie",
    "rarity": "Epic",
    "cost": "2",
    "level": "2",
    "exp": "2",
    "foil": "Gold",
    "attack": "0",
    "armor": "0",
    "honor points": "2000",
    "source": "Ahoy Box"
  },
  {
    "image": "https://lb2nastorage-hk-cdn-endpoint.azureedge.net/nft-image/bin/nft/ol/10015_g.png",
    "salePrice": "7.6 USDT",
    "desc": "Friendly Zombie members summoned → give +3 to 4 Power to the friendly Zombie member with the highest Power. <triggered 4 time(s)>",
    "name": "Zombie Bride(Gold)",
    "type": "Leaders",
    "faction": "Zombie",
    "rarity": "Epic",
    "cost": "2",
    "level": "3",
    "exp": "4",
    "foil": "Gold",
    "attack": "0",
    "armor": "0",
    "honor points": "4000",
    "source": "Ahoy Box"
  },
  {
    "image": "https://lb2nastorage-hk-cdn-endpoint.azureedge.net/nft-image/bin/nft/ol/10015_g.png",
    "salePrice": "21 USDT",
    "desc": "Friendly Zombie members summoned → give +4 to 5 Power to the friendly Zombie member with the highest Power. <triggered 4 time(s)>",
    "name": "Zombie Bride(Gold)",
    "type": "Leaders",
    "faction": "Zombie",
    "rarity": "Epic",
    "cost": "2",
    "level": "5",
    "exp": "11",
    "foil": "Gold",
    "attack": "0",
    "armor": "0",
    "honor points": "11000",
    "source": "Ahoy Box"
  }
]