[
  {
    "image": "https://lb2nastorage-hk-cdn-endpoint.azureedge.net/nft-image/bin/nft/ol/20028_g.png",
    "salePrice": "1.2 USDT",
    "desc": "Knocked out → deal 1 to 3 damage to each enemy member.",
    "name": "Bomb Zombie(Gold)",
    "type": "Members",
    "faction": "Zombie",
    "rarity": "Rare",
    "cost": "4",
    "level": "1",
    "exp": "1",
    "foil": "Gold",
    "attack": "4",
    "armor": "0",
    "honor points": "200",
    "source": "All"
  },
  {
    "image": "https://lb2nastorage-hk-cdn-endpoint.azureedge.net/nft-image/bin/nft/ol/20028_g.png",
    "salePrice": "9 USDT",
    "desc": "Knocked out → deal 1 to 3 damage to each enemy member.",
    "name": "Bomb Zombie(Gold)",
    "type": "Members",
    "faction": "Zombie",
    "rarity": "Rare",
    "cost": "4",
    "level": "2",
    "exp": "3",
    "foil": "Gold",
    "attack": "5",
    "armor": "0",
    "honor points": "600",
    "source": "All"
  },
  {
    "image": "https://lb2nastorage-hk-cdn-endpoint.azureedge.net/nft-image/bin/nft/ol/20028_g.png",
    "salePrice": "7.62 USDT",
    "desc": "Knocked out → deal 2 to 4 damage to each enemy member.",
    "name": "Bomb Zombie(Gold)",
    "type": "Members",
    "faction": "Zombie",
    "rarity": "Rare",
    "cost": "4",
    "level": "3",
    "exp": "6",
    "foil": "Gold",
    "attack": "6",
    "armor": "0",
    "honor points": "1200",
    "source": "All"
  },
  {
    "image": "https://lb2nastorage-hk-cdn-endpoint.azureedge.net/nft-image/bin/nft/ol/20028_g.png",
    "salePrice": "38.8 USDT",
    "desc": "Knocked out → deal 2 to 4 damage to each enemy member.",
    "name": "Bomb Zombie(Gold)",
    "type": "Members",
    "faction": "Zombie",
    "rarity": "Rare",
    "cost": "4",
    "level": "4",
    "exp": "10",
    "foil": "Gold",
    "attack": "7",
    "armor": "0",
    "honor points": "2000",
    "source": "All"
  },
  {
    "image": "https://lb2nastorage-hk-cdn-endpoint.azureedge.net/nft-image/bin/nft/ol/20028_g.png",
    "salePrice": "17 USDT",
    "desc": "Knocked out → deal 3 to 5 damage to each enemy member.",
    "name": "Bomb Zombie(Gold)",
    "type": "Members",
    "faction": "Zombie",
    "rarity": "Rare",
    "cost": "4",
    "level": "5",
    "exp": "15",
    "foil": "Gold",
    "attack": "8",
    "armor": "0",
    "honor points": "3000",
    "source": "All"
  }
]