[
  {
    "image": "https://lb2nastorage-hk-cdn-endpoint.azureedge.net/nft-image/bin/nft/ol/20083.png",
    "salePrice": "1.5 USDT",
    "desc": "Before attack → Reduce the target's Power by 1, if there's a friendly <Doggy Bot> in the team, the skill's effect is multiplied by 2.",
    "name": "Kitty Bot",
    "type": "Members",
    "faction": "Mech",
    "rarity": "Epic",
    "cost": "4",
    "level": "1",
    "exp": "1",
    "foil": "Regular",
    "attack": "8",
    "armor": "0",
    "honor points": "100",
    "source": "Ahoy Box"
  },
  {
    "image": "https://lb2nastorage-hk-cdn-endpoint.azureedge.net/nft-image/bin/nft/ol/20083.png",
    "salePrice": "6.9 USDT",
    "desc": "Before attack → Reduce the target's Power by 1, if there's a friendly <Doggy Bot> in the team, the skill's effect is multiplied by 2.",
    "name": "Kitty Bot",
    "type": "Members",
    "faction": "Mech",
    "rarity": "Epic",
    "cost": "4",
    "level": "2",
    "exp": "5",
    "foil": "Regular",
    "attack": "9",
    "armor": "0",
    "honor points": "500",
    "source": "Ahoy Box"
  },
  {
    "image": "https://lb2nastorage-hk-cdn-endpoint.azureedge.net/nft-image/bin/nft/ol/20083.png",
    "salePrice": "11.04 USDT",
    "desc": "Before attack → Reduce the target's Power by 2, if there's a friendly <Doggy Bot> in the team, the skill's effect is multiplied by 2.",
    "name": "Kitty Bot",
    "type": "Members",
    "faction": "Mech",
    "rarity": "Epic",
    "cost": "4",
    "level": "3",
    "exp": "8",
    "foil": "Regular",
    "attack": "10",
    "armor": "0",
    "honor points": "800",
    "source": "Ahoy Box"
  },
  {
    "image": "https://lb2nastorage-hk-cdn-endpoint.azureedge.net/nft-image/bin/nft/ol/20083.png",
    "salePrice": "12.8 USDT",
    "desc": "Before attack → Reduce the target's Power by 3, if there's a friendly <Doggy Bot> in the team, the skill's effect is multiplied by 2.",
    "name": "Kitty Bot",
    "type": "Members",
    "faction": "Mech",
    "rarity": "Epic",
    "cost": "4",
    "level": "5",
    "exp": "16",
    "foil": "Regular",
    "attack": "12",
    "armor": "0",
    "honor points": "1600",
    "source": "Ahoy Box"
  }
]