[
  {
    "image": "https://lb2nastorage-hk-cdn-endpoint.azureedge.net/nft-image/bin/nft/ol/20068.png",
    "salePrice": "22 USDT",
    "desc": "Attacked and survive → deal 1 damage to the nearest member behind, then give the member +3 Power.",
    "name": "Garlic",
    "type": "Members",
    "faction": "Plant",
    "rarity": "Legendary",
    "cost": "7",
    "level": "1",
    "exp": "1",
    "foil": "Regular",
    "attack": "10",
    "armor": "10",
    "honor points": "500",
    "source": "Ladder Chest"
  },
  {
    "image": "https://lb2nastorage-hk-cdn-endpoint.azureedge.net/nft-image/bin/nft/ol/20068.png",
    "salePrice": "72 USDT",
    "desc": "Attacked and survive → deal 1 damage to the nearest member behind, then give the member +4 Power.",
    "name": "Garlic",
    "type": "Members",
    "faction": "Plant",
    "rarity": "Legendary",
    "cost": "7",
    "level": "3",
    "exp": "4",
    "foil": "Regular",
    "attack": "14",
    "armor": "12",
    "honor points": "2000",
    "source": "Ladder Chest"
  }
]