[
  {
    "image": "https://lb2nastorage-hk-cdn-endpoint.azureedge.net/nft-image/bin/nft/ol/20040_g.png",
    "salePrice": "0.038 USDT",
    "desc": "None",
    "name": "Farmer Zombie(Gold)",
    "type": "Members",
    "faction": "Zombie",
    "rarity": "Common",
    "cost": "3",
    "level": "1",
    "exp": "1",
    "foil": "Gold",
    "attack": "7",
    "armor": "0",
    "honor points": "50",
    "source": "All"
  },
  {
    "image": "https://lb2nastorage-hk-cdn-endpoint.azureedge.net/nft-image/bin/nft/ol/20040_g.png",
    "salePrice": "0.152 USDT",
    "desc": "None",
    "name": "Farmer Zombie(Gold)",
    "type": "Members",
    "faction": "Zombie",
    "rarity": "Common",
    "cost": "3",
    "level": "2",
    "exp": "4",
    "foil": "Gold",
    "attack": "8",
    "armor": "0",
    "honor points": "200",
    "source": "All"
  },
  {
    "image": "https://lb2nastorage-hk-cdn-endpoint.azureedge.net/nft-image/bin/nft/ol/20040_g.png",
    "salePrice": "0.48 USDT",
    "desc": "None",
    "name": "Farmer Zombie(Gold)",
    "type": "Members",
    "faction": "Zombie",
    "rarity": "Common",
    "cost": "3",
    "level": "3",
    "exp": "12",
    "foil": "Gold",
    "attack": "9",
    "armor": "0",
    "honor points": "600",
    "source": "All"
  },
  {
    "image": "https://lb2nastorage-hk-cdn-endpoint.azureedge.net/nft-image/bin/nft/ol/20040_g.png",
    "salePrice": "1.16 USDT",
    "desc": "None",
    "name": "Farmer Zombie(Gold)",
    "type": "Members",
    "faction": "Zombie",
    "rarity": "Common",
    "cost": "3",
    "level": "5",
    "exp": "29",
    "foil": "Gold",
    "attack": "11",
    "armor": "0",
    "honor points": "1450",
    "source": "All"
  }
]