[
  {
    "image": "https://lb2nastorage-hk-cdn-endpoint.azureedge.net/nft-image/bin/nft/ol/20099.png",
    "salePrice": "0.8 USDT",
    "desc": "Friendly Dragon member loses all Armor → Gain 2 Power.",
    "name": "Nature Dragon",
    "type": "Members",
    "faction": "Dragon",
    "rarity": "Epic",
    "cost": "4",
    "level": "1",
    "exp": "1",
    "foil": "Regular",
    "attack": "4",
    "armor": "6",
    "honor points": "100",
    "source": "Ladder Chest"
  },
  {
    "image": "https://lb2nastorage-hk-cdn-endpoint.azureedge.net/nft-image/bin/nft/ol/20099.png",
    "salePrice": "5.94 USDT",
    "desc": "Friendly Dragon member loses all Armor → Gain 3 Power.",
    "name": "Nature Dragon",
    "type": "Members",
    "faction": "Dragon",
    "rarity": "Epic",
    "cost": "4",
    "level": "3",
    "exp": "6",
    "foil": "Regular",
    "attack": "6",
    "armor": "6",
    "honor points": "600",
    "source": "Ladder Chest"
  },
  {
    "image": "https://lb2nastorage-hk-cdn-endpoint.azureedge.net/nft-image/bin/nft/ol/20099.png",
    "salePrice": "32 USDT",
    "desc": "Friendly Dragon member loses all Armor → Gain 4 Power.",
    "name": "Nature Dragon",
    "type": "Members",
    "faction": "Dragon",
    "rarity": "Epic",
    "cost": "4",
    "level": "5",
    "exp": "16",
    "foil": "Regular",
    "attack": "8",
    "armor": "6",
    "honor points": "1600",
    "source": "Ladder Chest"
  }
]