[
  {
    "image": "https://lb2nastorage-hk-cdn-endpoint.azureedge.net/nft-image/bin/nft/ol/20029.png",
    "salePrice": "0.004 USDT",
    "desc": "None",
    "name": "Snail",
    "type": "Members",
    "faction": "Animal",
    "rarity": "Common",
    "cost": "1",
    "level": "1",
    "exp": "1",
    "foil": "Regular",
    "attack": "2",
    "armor": "2",
    "honor points": "5",
    "source": "All"
  },
  {
    "image": "https://lb2nastorage-hk-cdn-endpoint.azureedge.net/nft-image/bin/nft/ol/20029.png",
    "salePrice": "0.04 USDT",
    "desc": "None",
    "name": "Snail",
    "type": "Members",
    "faction": "Animal",
    "rarity": "Common",
    "cost": "1",
    "level": "2",
    "exp": "10",
    "foil": "Regular",
    "attack": "2",
    "armor": "3",
    "honor points": "50",
    "source": "All"
  },
  {
    "image": "https://lb2nastorage-hk-cdn-endpoint.azureedge.net/nft-image/bin/nft/ol/20029.png",
    "salePrice": "0.096 USDT",
    "desc": "None",
    "name": "Snail",
    "type": "Members",
    "faction": "Animal",
    "rarity": "Common",
    "cost": "1",
    "level": "3",
    "exp": "24",
    "foil": "Regular",
    "attack": "2",
    "armor": "4",
    "honor points": "120",
    "source": "All"
  },
  {
    "image": "https://lb2nastorage-hk-cdn-endpoint.azureedge.net/nft-image/bin/nft/ol/20029.png",
    "salePrice": "0.123 USDT",
    "desc": "None",
    "name": "Snail",
    "type": "Members",
    "faction": "Animal",
    "rarity": "Common",
    "cost": "1",
    "level": "4",
    "exp": "41",
    "foil": "Regular",
    "attack": "2",
    "armor": "5",
    "honor points": "205",
    "source": "All"
  },
  {
    "image": "https://lb2nastorage-hk-cdn-endpoint.azureedge.net/nft-image/bin/nft/ol/20029.png",
    "salePrice": "0.308 USDT",
    "desc": "None",
    "name": "Snail",
    "type": "Members",
    "faction": "Animal",
    "rarity": "Common",
    "cost": "1",
    "level": "5",
    "exp": "77",
    "foil": "Regular",
    "attack": "2",
    "armor": "6",
    "honor points": "385",
    "source": "All"
  }
]