[
  {
    "image": "https://lb2nastorage-hk-cdn-endpoint.azureedge.net/nft-image/bin/nft/ol/20077_g.png",
    "salePrice": "32.555 USDT",
    "desc": "Start of battle → Give <Energy Shield> to adjacent friendly Mech members with the same level or lower.",
    "name": "Guardian Bot(Gold)",
    "type": "Members",
    "faction": "Mech",
    "rarity": "Legendary",
    "cost": "5",
    "level": "1",
    "exp": "1",
    "foil": "Gold",
    "attack": "8",
    "armor": "0",
    "honor points": "5000",
    "source": "Ladder Chest"
  }
]