[
  {
    "image": "https://lb2nastorage-hk-cdn-endpoint.azureedge.net/nft-image/bin/nft/ol/20061.png",
    "salePrice": "0.004 USDT",
    "desc": "None",
    "name": "Poison Mushroom",
    "type": "Members",
    "faction": "Plant",
    "rarity": "Common",
    "cost": "1",
    "level": "1",
    "exp": "1",
    "foil": "Regular",
    "attack": "3",
    "armor": "0",
    "honor points": "5",
    "source": "All"
  },
  {
    "image": "https://lb2nastorage-hk-cdn-endpoint.azureedge.net/nft-image/bin/nft/ol/20061.png",
    "salePrice": "0.042 USDT",
    "desc": "None",
    "name": "Poison Mushroom",
    "type": "Members",
    "faction": "Plant",
    "rarity": "Common",
    "cost": "1",
    "level": "2",
    "exp": "11",
    "foil": "Regular",
    "attack": "3",
    "armor": "1",
    "honor points": "55",
    "source": "All"
  },
  {
    "image": "https://lb2nastorage-hk-cdn-endpoint.azureedge.net/nft-image/bin/nft/ol/20061.png",
    "salePrice": "0.064 USDT",
    "desc": "None",
    "name": "Poison Mushroom",
    "type": "Members",
    "faction": "Plant",
    "rarity": "Common",
    "cost": "1",
    "level": "3",
    "exp": "17",
    "foil": "Regular",
    "attack": "3",
    "armor": "2",
    "honor points": "85",
    "source": "All"
  },
  {
    "image": "https://lb2nastorage-hk-cdn-endpoint.azureedge.net/nft-image/bin/nft/ol/20061.png",
    "salePrice": "0.265 USDT",
    "desc": "None",
    "name": "Poison Mushroom",
    "type": "Members",
    "faction": "Plant",
    "rarity": "Common",
    "cost": "1",
    "level": "4",
    "exp": "53",
    "foil": "Regular",
    "attack": "3",
    "armor": "3",
    "honor points": "265",
    "source": "All"
  },
  {
    "image": "https://lb2nastorage-hk-cdn-endpoint.azureedge.net/nft-image/bin/nft/ol/20061.png",
    "salePrice": "0.464 USDT",
    "desc": "None",
    "name": "Poison Mushroom",
    "type": "Members",
    "faction": "Plant",
    "rarity": "Common",
    "cost": "1",
    "level": "6",
    "exp": "116",
    "foil": "Regular",
    "attack": "3",
    "armor": "5",
    "honor points": "580",
    "source": "All"
  }
]