[
  {
    "image": "https://lb2nastorage-hk-cdn-endpoint.azureedge.net/nft-image/bin/nft/ol/20059_g.png",
    "salePrice": "0.2 USDT",
    "desc": "Hurt → deal 2 to 4 damage to the first enemy member.",
    "name": "Cactus(Gold)",
    "type": "Members",
    "faction": "Plant",
    "rarity": "Rare",
    "cost": "5",
    "level": "1",
    "exp": "1",
    "foil": "Gold",
    "attack": "4",
    "armor": "8",
    "honor points": "200",
    "source": "All"
  },
  {
    "image": "https://lb2nastorage-hk-cdn-endpoint.azureedge.net/nft-image/bin/nft/ol/20059_g.png",
    "salePrice": "0.9 USDT",
    "desc": "Hurt → deal 3 to 5 damage to the first enemy member.",
    "name": "Cactus(Gold)",
    "type": "Members",
    "faction": "Plant",
    "rarity": "Rare",
    "cost": "5",
    "level": "3",
    "exp": "6",
    "foil": "Gold",
    "attack": "6",
    "armor": "10",
    "honor points": "1200",
    "source": "All"
  },
  {
    "image": "https://lb2nastorage-hk-cdn-endpoint.azureedge.net/nft-image/bin/nft/ol/20059_g.png",
    "salePrice": "3.75 USDT",
    "desc": "Hurt → deal 4 to 6 damage to the first enemy member.",
    "name": "Cactus(Gold)",
    "type": "Members",
    "faction": "Plant",
    "rarity": "Rare",
    "cost": "5",
    "level": "5",
    "exp": "15",
    "foil": "Gold",
    "attack": "8",
    "armor": "12",
    "honor points": "3000",
    "source": "All"
  },
  {
    "image": "https://lb2nastorage-hk-cdn-endpoint.azureedge.net/nft-image/bin/nft/ol/20059_g.png",
    "salePrice": "10.44 USDT",
    "desc": "Hurt → deal 5 to 7 damage to the first enemy member.",
    "name": "Cactus(Gold)",
    "type": "Members",
    "faction": "Plant",
    "rarity": "Rare",
    "cost": "5",
    "level": "8",
    "exp": "36",
    "foil": "Gold",
    "attack": "11",
    "armor": "15",
    "honor points": "7200",
    "source": "All"
  }
]