[
  {
    "image": "https://lb2nastorage-hk-cdn-endpoint.azureedge.net/nft-image/bin/nft/ol/20063_g.png",
    "salePrice": "2.17 USDT",
    "desc": "Nearest friendly member ahead hurt → gain 2 Power.",
    "name": "Red Chili(Gold)",
    "type": "Members",
    "faction": "Plant",
    "rarity": "Rare",
    "cost": "4",
    "level": "1",
    "exp": "1",
    "foil": "Gold",
    "attack": "7",
    "armor": "0",
    "honor points": "200",
    "source": "All"
  },
  {
    "image": "https://lb2nastorage-hk-cdn-endpoint.azureedge.net/nft-image/bin/nft/ol/20063_g.png",
    "salePrice": "14.1 USDT",
    "desc": "Nearest friendly member ahead hurt → gain 3 Power.",
    "name": "Red Chili(Gold)",
    "type": "Members",
    "faction": "Plant",
    "rarity": "Rare",
    "cost": "4",
    "level": "3",
    "exp": "6",
    "foil": "Gold",
    "attack": "9",
    "armor": "0",
    "honor points": "1200",
    "source": "All"
  },
  {
    "image": "https://lb2nastorage-hk-cdn-endpoint.azureedge.net/nft-image/bin/nft/ol/20063_g.png",
    "salePrice": "27 USDT",
    "desc": "Nearest friendly member ahead hurt → gain 4 Power.",
    "name": "Red Chili(Gold)",
    "type": "Members",
    "faction": "Plant",
    "rarity": "Rare",
    "cost": "4",
    "level": "5",
    "exp": "15",
    "foil": "Gold",
    "attack": "11",
    "armor": "0",
    "honor points": "3000",
    "source": "All"
  },
  {
    "image": "https://lb2nastorage-hk-cdn-endpoint.azureedge.net/nft-image/bin/nft/ol/20063_g.png",
    "salePrice": "79.8 USDT",
    "desc": "Nearest friendly member ahead hurt → gain 5 Power.",
    "name": "Red Chili(Gold)",
    "type": "Members",
    "faction": "Plant",
    "rarity": "Rare",
    "cost": "4",
    "level": "8",
    "exp": "36",
    "foil": "Gold",
    "attack": "14",
    "armor": "0",
    "honor points": "7200",
    "source": "All"
  }
]