[
  {
    "image": "https://lb2nastorage-hk-cdn-endpoint.azureedge.net/nft-image/bin/nft/ol/20018_g.png",
    "salePrice": "0.69 USDT",
    "desc": "Friendly members summoned → give them +2 Power.",
    "name": "Dancer Zombie(Gold)",
    "type": "Members",
    "faction": "Zombie",
    "rarity": "Rare",
    "cost": "5",
    "level": "1",
    "exp": "1",
    "foil": "Gold",
    "attack": "6",
    "armor": "0",
    "honor points": "200",
    "source": "All"
  },
  {
    "image": "https://lb2nastorage-hk-cdn-endpoint.azureedge.net/nft-image/bin/nft/ol/20018_g.png",
    "salePrice": "4.134 USDT",
    "desc": "Friendly members summoned → give them +3 Power.",
    "name": "Dancer Zombie(Gold)",
    "type": "Members",
    "faction": "Zombie",
    "rarity": "Rare",
    "cost": "5",
    "level": "3",
    "exp": "6",
    "foil": "Gold",
    "attack": "8",
    "armor": "0",
    "honor points": "1200",
    "source": "All"
  },
  {
    "image": "https://lb2nastorage-hk-cdn-endpoint.azureedge.net/nft-image/bin/nft/ol/20018_g.png",
    "salePrice": "10.2 USDT",
    "desc": "Friendly members summoned → give them +4 Power.",
    "name": "Dancer Zombie(Gold)",
    "type": "Members",
    "faction": "Zombie",
    "rarity": "Rare",
    "cost": "5",
    "level": "5",
    "exp": "15",
    "foil": "Gold",
    "attack": "10",
    "armor": "0",
    "honor points": "3000",
    "source": "All"
  },
  {
    "image": "https://lb2nastorage-hk-cdn-endpoint.azureedge.net/nft-image/bin/nft/ol/20018_g.png",
    "salePrice": "18 USDT",
    "desc": "Friendly members summoned → give them +4 Power.",
    "name": "Dancer Zombie(Gold)",
    "type": "Members",
    "faction": "Zombie",
    "rarity": "Rare",
    "cost": "5",
    "level": "8",
    "exp": "36",
    "foil": "Gold",
    "attack": "13",
    "armor": "0",
    "honor points": "7200",
    "source": "All"
  }
]