[
  {
    "image": "https://lb2nastorage-hk-cdn-endpoint.azureedge.net/nft-image/bin/nft/ol/20004_g.png",
    "salePrice": "0.25 USDT",
    "desc": "Knocked out → give +7 to 9 Armor to the friendly member with the highest Armor.",
    "name": "Iron Helmet(Gold)",
    "type": "Members",
    "faction": "Neutral",
    "rarity": "Rare",
    "cost": "6",
    "level": "1",
    "exp": "1",
    "foil": "Gold",
    "attack": "9",
    "armor": "0",
    "honor points": "200",
    "source": "All"
  },
  {
    "image": "https://lb2nastorage-hk-cdn-endpoint.azureedge.net/nft-image/bin/nft/ol/20004_g.png",
    "salePrice": "1.059 USDT",
    "desc": "Knocked out → give +7 to 9 Armor to the friendly member with the highest Armor.",
    "name": "Iron Helmet(Gold)",
    "type": "Members",
    "faction": "Neutral",
    "rarity": "Rare",
    "cost": "6",
    "level": "2",
    "exp": "3",
    "foil": "Gold",
    "attack": "10",
    "armor": "0",
    "honor points": "600",
    "source": "All"
  },
  {
    "image": "https://lb2nastorage-hk-cdn-endpoint.azureedge.net/nft-image/bin/nft/ol/20004_g.png",
    "salePrice": "2.9 USDT",
    "desc": "Knocked out → give +9 to 11 Armor to the friendly member with the highest Armor.",
    "name": "Iron Helmet(Gold)",
    "type": "Members",
    "faction": "Neutral",
    "rarity": "Rare",
    "cost": "6",
    "level": "4",
    "exp": "10",
    "foil": "Gold",
    "attack": "12",
    "armor": "0",
    "honor points": "2000",
    "source": "All"
  }
]