[
  {
    "image": "https://lb2nastorage-hk-cdn-endpoint.azureedge.net/nft-image/bin/nft/ol/20019.png",
    "salePrice": "0.017 USDT",
    "desc": "Knock out an enemy and survive → gain +3 Power.",
    "name": "Greedy Shark",
    "type": "Members",
    "faction": "Animal",
    "rarity": "Rare",
    "cost": "3",
    "level": "1",
    "exp": "1",
    "foil": "Regular",
    "attack": "7",
    "armor": "0",
    "honor points": "20",
    "source": "All"
  },
  {
    "image": "https://lb2nastorage-hk-cdn-endpoint.azureedge.net/nft-image/bin/nft/ol/20019.png",
    "salePrice": "0.072 USDT",
    "desc": "Knock out an enemy and survive → gain +3 Power.",
    "name": "Greedy Shark",
    "type": "Members",
    "faction": "Animal",
    "rarity": "Rare",
    "cost": "3",
    "level": "2",
    "exp": "4",
    "foil": "Regular",
    "attack": "8",
    "armor": "0",
    "honor points": "80",
    "source": "All"
  },
  {
    "image": "https://lb2nastorage-hk-cdn-endpoint.azureedge.net/nft-image/bin/nft/ol/20019.png",
    "salePrice": "0.17 USDT",
    "desc": "Knock out an enemy and survive → gain +4 Power.",
    "name": "Greedy Shark",
    "type": "Members",
    "faction": "Animal",
    "rarity": "Rare",
    "cost": "3",
    "level": "3",
    "exp": "10",
    "foil": "Regular",
    "attack": "9",
    "armor": "0",
    "honor points": "200",
    "source": "All"
  },
  {
    "image": "https://lb2nastorage-hk-cdn-endpoint.azureedge.net/nft-image/bin/nft/ol/20019.png",
    "salePrice": "0.391 USDT",
    "desc": "Knock out an enemy and survive → gain +4 Power.",
    "name": "Greedy Shark",
    "type": "Members",
    "faction": "Animal",
    "rarity": "Rare",
    "cost": "3",
    "level": "4",
    "exp": "23",
    "foil": "Regular",
    "attack": "10",
    "armor": "0",
    "honor points": "460",
    "source": "All"
  },
  {
    "image": "https://lb2nastorage-hk-cdn-endpoint.azureedge.net/nft-image/bin/nft/ol/20019.png",
    "salePrice": "0.7 USDT",
    "desc": "Knock out an enemy and survive → gain +5 Power.",
    "name": "Greedy Shark",
    "type": "Members",
    "faction": "Animal",
    "rarity": "Rare",
    "cost": "3",
    "level": "5",
    "exp": "35",
    "foil": "Regular",
    "attack": "11",
    "armor": "0",
    "honor points": "700",
    "source": "All"
  },
  {
    "image": "https://lb2nastorage-hk-cdn-endpoint.azureedge.net/nft-image/bin/nft/ol/20019.png",
    "salePrice": "1.28 USDT",
    "desc": "Knock out an enemy and survive → gain +5 Power.",
    "name": "Greedy Shark",
    "type": "Members",
    "faction": "Animal",
    "rarity": "Rare",
    "cost": "3",
    "level": "7",
    "exp": "80",
    "foil": "Regular",
    "attack": "13",
    "armor": "0",
    "honor points": "1600",
    "source": "All"
  }
]