[
  {
    "image": "https://lb2nastorage-hk-cdn-endpoint.azureedge.net/nft-image/bin/nft/ol/20148_g.png",
    "salePrice": "16.88 USDT",
    "desc": "Hurt → give 2 random friendly Animal members +2 to 4 Armor. If the targets already have Armor, then give them additionally +1 Power.",
    "name": "Crab Daddy(Gold)",
    "type": "Members",
    "faction": "Animal",
    "rarity": "Epic",
    "cost": "4",
    "level": "1",
    "exp": "1",
    "foil": "Gold",
    "attack": "5",
    "armor": "12",
    "honor points": "1000",
    "source": "Reward"
  }
]