[
  {
    "image": "https://lb2nastorage-hk-cdn-endpoint.azureedge.net/nft-image/bin/nft/ol/20057_g.png",
    "salePrice": "0.09 USDT",
    "desc": "None",
    "name": "Chainsaw(Gold)",
    "type": "Members",
    "faction": "Neutral",
    "rarity": "Common",
    "cost": "6",
    "level": "1",
    "exp": "1",
    "foil": "Gold",
    "attack": "13",
    "armor": "0",
    "honor points": "50",
    "source": "All"
  },
  {
    "image": "https://lb2nastorage-hk-cdn-endpoint.azureedge.net/nft-image/bin/nft/ol/20057_g.png",
    "salePrice": "0.45 USDT",
    "desc": "None",
    "name": "Chainsaw(Gold)",
    "type": "Members",
    "faction": "Neutral",
    "rarity": "Common",
    "cost": "6",
    "level": "2",
    "exp": "4",
    "foil": "Gold",
    "attack": "15",
    "armor": "0",
    "honor points": "200",
    "source": "All"
  },
  {
    "image": "https://lb2nastorage-hk-cdn-endpoint.azureedge.net/nft-image/bin/nft/ol/20057_g.png",
    "salePrice": "1 USDT",
    "desc": "None",
    "name": "Chainsaw(Gold)",
    "type": "Members",
    "faction": "Neutral",
    "rarity": "Common",
    "cost": "6",
    "level": "3",
    "exp": "10",
    "foil": "Gold",
    "attack": "17",
    "armor": "0",
    "honor points": "500",
    "source": "All"
  },
  {
    "image": "https://lb2nastorage-hk-cdn-endpoint.azureedge.net/nft-image/bin/nft/ol/20057_g.png",
    "salePrice": "2.6 USDT",
    "desc": "None",
    "name": "Chainsaw(Gold)",
    "type": "Members",
    "faction": "Neutral",
    "rarity": "Common",
    "cost": "6",
    "level": "5",
    "exp": "26",
    "foil": "Gold",
    "attack": "21",
    "armor": "0",
    "honor points": "1300",
    "source": "All"
  }
]