[
  {
    "image": "https://lb2nastorage-hk-cdn-endpoint.azureedge.net/nft-image/bin/nft/ol/20058_g.png",
    "salePrice": "0.3 USDT",
    "desc": "Hurt → gain +2 to 4 Armor.",
    "name": "Radish(Gold)",
    "type": "Members",
    "faction": "Plant",
    "rarity": "Rare",
    "cost": "3",
    "level": "1",
    "exp": "1",
    "foil": "Gold",
    "attack": "4",
    "armor": "4",
    "honor points": "200",
    "source": "All"
  },
  {
    "image": "https://lb2nastorage-hk-cdn-endpoint.azureedge.net/nft-image/bin/nft/ol/20058_g.png",
    "salePrice": "1.05 USDT",
    "desc": "Hurt → gain +2 to 4 Armor.",
    "name": "Radish(Gold)",
    "type": "Members",
    "faction": "Plant",
    "rarity": "Rare",
    "cost": "3",
    "level": "2",
    "exp": "3",
    "foil": "Gold",
    "attack": "5",
    "armor": "4",
    "honor points": "600",
    "source": "All"
  },
  {
    "image": "https://lb2nastorage-hk-cdn-endpoint.azureedge.net/nft-image/bin/nft/ol/20058_g.png",
    "salePrice": "2.094 USDT",
    "desc": "Hurt → gain +3 to 5 Armor.",
    "name": "Radish(Gold)",
    "type": "Members",
    "faction": "Plant",
    "rarity": "Rare",
    "cost": "3",
    "level": "3",
    "exp": "6",
    "foil": "Gold",
    "attack": "6",
    "armor": "4",
    "honor points": "1200",
    "source": "All"
  },
  {
    "image": "https://lb2nastorage-hk-cdn-endpoint.azureedge.net/nft-image/bin/nft/ol/20058_g.png",
    "salePrice": "5.25 USDT",
    "desc": "Hurt → gain +4 to 6 Armor.",
    "name": "Radish(Gold)",
    "type": "Members",
    "faction": "Plant",
    "rarity": "Rare",
    "cost": "3",
    "level": "5",
    "exp": "15",
    "foil": "Gold",
    "attack": "8",
    "armor": "4",
    "honor points": "3000",
    "source": "All"
  },
  {
    "image": "https://lb2nastorage-hk-cdn-endpoint.azureedge.net/nft-image/bin/nft/ol/20058_g.png",
    "salePrice": "15.48 USDT",
    "desc": "Hurt → gain +5 to 7 Armor.",
    "name": "Radish(Gold)",
    "type": "Members",
    "faction": "Plant",
    "rarity": "Rare",
    "cost": "3",
    "level": "8",
    "exp": "36",
    "foil": "Gold",
    "attack": "11",
    "armor": "4",
    "honor points": "7200",
    "source": "All"
  }
]