[
  {
    "image": "https://lb2nastorage-hk-cdn-endpoint.azureedge.net/nft-image/bin/nft/ol/20098_g.png",
    "salePrice": "0.699 USDT",
    "desc": "Knocked out → Give +5 Armor to the friendly Dragon member with the highest Armor.",
    "name": "Obsidian Dragon(Gold)",
    "type": "Members",
    "faction": "Dragon",
    "rarity": "Rare",
    "cost": "3",
    "level": "1",
    "exp": "1",
    "foil": "Gold",
    "attack": "6",
    "armor": "0",
    "honor points": "200",
    "source": "All"
  },
  {
    "image": "https://lb2nastorage-hk-cdn-endpoint.azureedge.net/nft-image/bin/nft/ol/20098_g.png",
    "salePrice": "4.194 USDT",
    "desc": "Knocked out → Give +6 Armor to the friendly Dragon member with the highest Armor.",
    "name": "Obsidian Dragon(Gold)",
    "type": "Members",
    "faction": "Dragon",
    "rarity": "Rare",
    "cost": "3",
    "level": "3",
    "exp": "6",
    "foil": "Gold",
    "attack": "8",
    "armor": "0",
    "honor points": "1200",
    "source": "All"
  },
  {
    "image": "https://lb2nastorage-hk-cdn-endpoint.azureedge.net/nft-image/bin/nft/ol/20098_g.png",
    "salePrice": "10.485 USDT",
    "desc": "Knocked out → Give +7 Armor to the friendly Dragon member with the highest Armor.",
    "name": "Obsidian Dragon(Gold)",
    "type": "Members",
    "faction": "Dragon",
    "rarity": "Rare",
    "cost": "3",
    "level": "5",
    "exp": "15",
    "foil": "Gold",
    "attack": "10",
    "armor": "0",
    "honor points": "3000",
    "source": "All"
  }
]