[
  {
    "image": "https://lb2nastorage-hk-cdn-endpoint.azureedge.net/nft-image/bin/nft/ol/10002.png",
    "salePrice": "0.004 USDT",
    "desc": "Start of battle → all friendly members gain +1 Power.",
    "name": "Mr. Corn",
    "type": "Leaders",
    "faction": "Plant",
    "rarity": "Common",
    "cost": "0",
    "level": "1",
    "exp": "1",
    "foil": "Regular",
    "attack": "0",
    "armor": "0",
    "honor points": "5",
    "source": "All"
  },
  {
    "image": "https://lb2nastorage-hk-cdn-endpoint.azureedge.net/nft-image/bin/nft/ol/10002.png",
    "salePrice": "0.02 USDT",
    "desc": "Start of battle → all friendly members gain +1 Power.",
    "name": "Mr. Corn",
    "type": "Leaders",
    "faction": "Plant",
    "rarity": "Common",
    "cost": "0",
    "level": "2",
    "exp": "5",
    "foil": "Regular",
    "attack": "0",
    "armor": "0",
    "honor points": "25",
    "source": "All"
  },
  {
    "image": "https://lb2nastorage-hk-cdn-endpoint.azureedge.net/nft-image/bin/nft/ol/10002.png",
    "salePrice": "0.07 USDT",
    "desc": "Start of battle → all friendly members gain +1 Power.",
    "name": "Mr. Corn",
    "type": "Leaders",
    "faction": "Plant",
    "rarity": "Common",
    "cost": "0",
    "level": "3",
    "exp": "20",
    "foil": "Regular",
    "attack": "0",
    "armor": "0",
    "honor points": "100",
    "source": "All"
  },
  {
    "image": "https://lb2nastorage-hk-cdn-endpoint.azureedge.net/nft-image/bin/nft/ol/10002.png",
    "salePrice": "0.12 USDT",
    "desc": "Start of battle → all friendly members gain +1 Power.",
    "name": "Mr. Corn",
    "type": "Leaders",
    "faction": "Plant",
    "rarity": "Common",
    "cost": "0",
    "level": "4",
    "exp": "30",
    "foil": "Regular",
    "attack": "0",
    "armor": "0",
    "honor points": "150",
    "source": "All"
  },
  {
    "image": "https://lb2nastorage-hk-cdn-endpoint.azureedge.net/nft-image/bin/nft/ol/10002.png",
    "salePrice": "0.24 USDT",
    "desc": "Start of battle → all friendly members gain +2 Power.",
    "name": "Mr. Corn",
    "type": "Leaders",
    "faction": "Plant",
    "rarity": "Common",
    "cost": "0",
    "level": "5",
    "exp": "60",
    "foil": "Regular",
    "attack": "0",
    "armor": "0",
    "honor points": "300",
    "source": "All"
  }
]