[
  {
    "image": "https://lb2nastorage-hk-cdn-endpoint.azureedge.net/nft-image/bin/nft/ol/10004.png",
    "salePrice": "2.4 USDT",
    "desc": "Before friendly Animal members attack → give +4 Power to them. <triggered 4 time(s)>",
    "name": "Furious Tiger",
    "type": "Leaders",
    "faction": "Animal",
    "rarity": "Epic",
    "cost": "2",
    "level": "1",
    "exp": "1",
    "foil": "Regular",
    "attack": "0",
    "armor": "0",
    "honor points": "100",
    "source": "Ahoy Box"
  },
  {
    "image": "https://lb2nastorage-hk-cdn-endpoint.azureedge.net/nft-image/bin/nft/ol/10004.png",
    "salePrice": "7.5 USDT",
    "desc": "Before friendly Animal members attack → give +4 Power to them. <triggered 4 time(s)>",
    "name": "Furious Tiger",
    "type": "Leaders",
    "faction": "Animal",
    "rarity": "Epic",
    "cost": "2",
    "level": "2",
    "exp": "3",
    "foil": "Regular",
    "attack": "0",
    "armor": "0",
    "honor points": "300",
    "source": "Ahoy Box"
  },
  {
    "image": "https://lb2nastorage-hk-cdn-endpoint.azureedge.net/nft-image/bin/nft/ol/10004.png",
    "salePrice": "13.75 USDT",
    "desc": "Before friendly Animal members attack → give +5 Power to them. <triggered 4 time(s)>",
    "name": "Furious Tiger",
    "type": "Leaders",
    "faction": "Animal",
    "rarity": "Epic",
    "cost": "2",
    "level": "3",
    "exp": "6",
    "foil": "Regular",
    "attack": "0",
    "armor": "0",
    "honor points": "600",
    "source": "Ahoy Box"
  },
  {
    "image": "https://lb2nastorage-hk-cdn-endpoint.azureedge.net/nft-image/bin/nft/ol/10004.png",
    "salePrice": "41.99 USDT",
    "desc": "Before friendly Animal members attack → give +5 Power to them. <triggered 4 time(s)>",
    "name": "Furious Tiger",
    "type": "Leaders",
    "faction": "Animal",
    "rarity": "Epic",
    "cost": "2",
    "level": "4",
    "exp": "10",
    "foil": "Regular",
    "attack": "0",
    "armor": "0",
    "honor points": "1000",
    "source": "Ahoy Box"
  },
  {
    "image": "https://lb2nastorage-hk-cdn-endpoint.azureedge.net/nft-image/bin/nft/ol/10004.png",
    "salePrice": "36.48 USDT",
    "desc": "Before friendly Animal members attack → give +6 Power to them. <triggered 4 time(s)>",
    "name": "Furious Tiger",
    "type": "Leaders",
    "faction": "Animal",
    "rarity": "Epic",
    "cost": "2",
    "level": "5",
    "exp": "16",
    "foil": "Regular",
    "attack": "0",
    "armor": "0",
    "honor points": "1600",
    "source": "Ahoy Box"
  },
  {
    "image": "https://lb2nastorage-hk-cdn-endpoint.azureedge.net/nft-image/bin/nft/ol/10004.png",
    "salePrice": "119.6 USDT",
    "desc": "Before friendly Animal members attack → give +7 Power to them. <triggered 4 time(s)>",
    "name": "Furious Tiger",
    "type": "Leaders",
    "faction": "Animal",
    "rarity": "Epic",
    "cost": "2",
    "level": "8",
    "exp": "40",
    "foil": "Regular",
    "attack": "0",
    "armor": "0",
    "honor points": "4000",
    "source": "Ahoy Box"
  }
]