[
  {
    "image": "https://lb2nastorage-hk-cdn-endpoint.azureedge.net/nft-image/bin/nft/ol/20095.png",
    "salePrice": "0.7 USDT",
    "desc": "Knocked out → Give +1 to 3 Armor to friendly Dragon members.",
    "name": "Crystal Dragon",
    "type": "Members",
    "faction": "Dragon",
    "rarity": "Epic",
    "cost": "3",
    "level": "1",
    "exp": "1",
    "foil": "Regular",
    "attack": "6",
    "armor": "0",
    "honor points": "100",
    "source": "Ahoy Box"
  },
  {
    "image": "https://lb2nastorage-hk-cdn-endpoint.azureedge.net/nft-image/bin/nft/ol/20095.png",
    "salePrice": "2.07 USDT",
    "desc": "Knocked out → Give +1 to 3 Armor to friendly Dragon members.",
    "name": "Crystal Dragon",
    "type": "Members",
    "faction": "Dragon",
    "rarity": "Epic",
    "cost": "3",
    "level": "2",
    "exp": "3",
    "foil": "Regular",
    "attack": "7",
    "armor": "0",
    "honor points": "300",
    "source": "Ahoy Box"
  },
  {
    "image": "https://lb2nastorage-hk-cdn-endpoint.azureedge.net/nft-image/bin/nft/ol/20095.png",
    "salePrice": "3.6 USDT",
    "desc": "Knocked out → Give +2 to 3 Armor to friendly Dragon members.",
    "name": "Crystal Dragon",
    "type": "Members",
    "faction": "Dragon",
    "rarity": "Epic",
    "cost": "3",
    "level": "3",
    "exp": "6",
    "foil": "Regular",
    "attack": "8",
    "armor": "0",
    "honor points": "600",
    "source": "Ahoy Box"
  },
  {
    "image": "https://lb2nastorage-hk-cdn-endpoint.azureedge.net/nft-image/bin/nft/ol/20095.png",
    "salePrice": "8 USDT",
    "desc": "Knocked out → Give +2 to 4 Armor to friendly Dragon members.",
    "name": "Crystal Dragon",
    "type": "Members",
    "faction": "Dragon",
    "rarity": "Epic",
    "cost": "3",
    "level": "5",
    "exp": "16",
    "foil": "Regular",
    "attack": "10",
    "armor": "0",
    "honor points": "1600",
    "source": "Ahoy Box"
  }
]