[
  {
    "image": "https://lb2nastorage-hk-cdn-endpoint.azureedge.net/nft-image/bin/nft/ol/20042.png",
    "salePrice": "0.004 USDT",
    "desc": "None",
    "name": "Shotgun",
    "type": "Members",
    "faction": "Neutral",
    "rarity": "Common",
    "cost": "5",
    "level": "1",
    "exp": "1",
    "foil": "Regular",
    "attack": "11",
    "armor": "0",
    "honor points": "5",
    "source": "All"
  },
  {
    "image": "https://lb2nastorage-hk-cdn-endpoint.azureedge.net/nft-image/bin/nft/ol/20042.png",
    "salePrice": "0.02 USDT",
    "desc": "None",
    "name": "Shotgun",
    "type": "Members",
    "faction": "Neutral",
    "rarity": "Common",
    "cost": "5",
    "level": "2",
    "exp": "5",
    "foil": "Regular",
    "attack": "12",
    "armor": "0",
    "honor points": "25",
    "source": "All"
  },
  {
    "image": "https://lb2nastorage-hk-cdn-endpoint.azureedge.net/nft-image/bin/nft/ol/20042.png",
    "salePrice": "0.06 USDT",
    "desc": "None",
    "name": "Shotgun",
    "type": "Members",
    "faction": "Neutral",
    "rarity": "Common",
    "cost": "5",
    "level": "3",
    "exp": "15",
    "foil": "Regular",
    "attack": "13",
    "armor": "0",
    "honor points": "75",
    "source": "All"
  },
  {
    "image": "https://lb2nastorage-hk-cdn-endpoint.azureedge.net/nft-image/bin/nft/ol/20042.png",
    "salePrice": "0.136 USDT",
    "desc": "None",
    "name": "Shotgun",
    "type": "Members",
    "faction": "Neutral",
    "rarity": "Common",
    "cost": "5",
    "level": "4",
    "exp": "34",
    "foil": "Regular",
    "attack": "14",
    "armor": "0",
    "honor points": "170",
    "source": "All"
  },
  {
    "image": "https://lb2nastorage-hk-cdn-endpoint.azureedge.net/nft-image/bin/nft/ol/20042.png",
    "salePrice": "0.288 USDT",
    "desc": "None",
    "name": "Shotgun",
    "type": "Members",
    "faction": "Neutral",
    "rarity": "Common",
    "cost": "5",
    "level": "5",
    "exp": "72",
    "foil": "Regular",
    "attack": "15",
    "armor": "0",
    "honor points": "360",
    "source": "All"
  },
  {
    "image": "https://lb2nastorage-hk-cdn-endpoint.azureedge.net/nft-image/bin/nft/ol/20042.png",
    "salePrice": "0.584 USDT",
    "desc": "None",
    "name": "Shotgun",
    "type": "Members",
    "faction": "Neutral",
    "rarity": "Common",
    "cost": "5",
    "level": "6",
    "exp": "146",
    "foil": "Regular",
    "attack": "16",
    "armor": "0",
    "honor points": "730",
    "source": "All"
  },
  {
    "image": "https://lb2nastorage-hk-cdn-endpoint.azureedge.net/nft-image/bin/nft/ol/20042.png",
    "salePrice": "0.628 USDT",
    "desc": "None",
    "name": "Shotgun",
    "type": "Members",
    "faction": "Neutral",
    "rarity": "Common",
    "cost": "5",
    "level": "7",
    "exp": "157",
    "foil": "Regular",
    "attack": "17",
    "armor": "0",
    "honor points": "785",
    "source": "All"
  }
]