[
  {
    "image": "https://lb2nastorage-hk-cdn-endpoint.azureedge.net/nft-image/bin/nft/ol/20055_g.png",
    "salePrice": "0.25 USDT",
    "desc": "None",
    "name": "Cannon(Gold)",
    "type": "Members",
    "faction": "Neutral",
    "rarity": "Common",
    "cost": "7",
    "level": "1",
    "exp": "1",
    "foil": "Gold",
    "attack": "15",
    "armor": "0",
    "honor points": "50",
    "source": "All"
  },
  {
    "image": "https://lb2nastorage-hk-cdn-endpoint.azureedge.net/nft-image/bin/nft/ol/20055_g.png",
    "salePrice": "1.28 USDT",
    "desc": "None",
    "name": "Cannon(Gold)",
    "type": "Members",
    "faction": "Neutral",
    "rarity": "Common",
    "cost": "7",
    "level": "2",
    "exp": "4",
    "foil": "Gold",
    "attack": "17",
    "armor": "0",
    "honor points": "200",
    "source": "All"
  },
  {
    "image": "https://lb2nastorage-hk-cdn-endpoint.azureedge.net/nft-image/bin/nft/ol/20055_g.png",
    "salePrice": "1.62 USDT",
    "desc": "None",
    "name": "Cannon(Gold)",
    "type": "Members",
    "faction": "Neutral",
    "rarity": "Common",
    "cost": "7",
    "level": "3",
    "exp": "9",
    "foil": "Gold",
    "attack": "19",
    "armor": "0",
    "honor points": "450",
    "source": "All"
  },
  {
    "image": "https://lb2nastorage-hk-cdn-endpoint.azureedge.net/nft-image/bin/nft/ol/20055_g.png",
    "salePrice": "32 USDT",
    "desc": "None",
    "name": "Cannon(Gold)",
    "type": "Members",
    "faction": "Neutral",
    "rarity": "Common",
    "cost": "7",
    "level": "4",
    "exp": "16",
    "foil": "Gold",
    "attack": "21",
    "armor": "0",
    "honor points": "800",
    "source": "All"
  },
  {
    "image": "https://lb2nastorage-hk-cdn-endpoint.azureedge.net/nft-image/bin/nft/ol/20055_g.png",
    "salePrice": "4.16 USDT",
    "desc": "None",
    "name": "Cannon(Gold)",
    "type": "Members",
    "faction": "Neutral",
    "rarity": "Common",
    "cost": "7",
    "level": "5",
    "exp": "26",
    "foil": "Gold",
    "attack": "23",
    "armor": "0",
    "honor points": "1300",
    "source": "All"
  }
]