[
  {
    "image": "https://lb2nastorage-hk-cdn-endpoint.azureedge.net/nft-image/bin/nft/ol/20060_g.png",
    "salePrice": "0.26 USDT",
    "desc": "None",
    "name": "Brave Beaver(Gold)",
    "type": "Members",
    "faction": "Animal",
    "rarity": "Rare",
    "cost": "3",
    "level": "1",
    "exp": "1",
    "foil": "Gold",
    "attack": "9",
    "armor": "0",
    "honor points": "200",
    "source": "All"
  },
  {
    "image": "https://lb2nastorage-hk-cdn-endpoint.azureedge.net/nft-image/bin/nft/ol/20060_g.png",
    "salePrice": "1.2 USDT",
    "desc": "None",
    "name": "Brave Beaver(Gold)",
    "type": "Members",
    "faction": "Animal",
    "rarity": "Rare",
    "cost": "3",
    "level": "3",
    "exp": "6",
    "foil": "Gold",
    "attack": "11",
    "armor": "2",
    "honor points": "1200",
    "source": "All"
  },
  {
    "image": "https://lb2nastorage-hk-cdn-endpoint.azureedge.net/nft-image/bin/nft/ol/20060_g.png",
    "salePrice": "3.9 USDT",
    "desc": "None",
    "name": "Brave Beaver(Gold)",
    "type": "Members",
    "faction": "Animal",
    "rarity": "Rare",
    "cost": "3",
    "level": "5",
    "exp": "15",
    "foil": "Gold",
    "attack": "13",
    "armor": "4",
    "honor points": "3000",
    "source": "All"
  }
]