[
  {
    "image": "https://lb2nastorage-hk-cdn-endpoint.azureedge.net/nft-image/bin/nft/ol/20020_g.png",
    "salePrice": "7.19 USDT",
    "desc": "Hurt → give the nearest member behind +2 Power  and +2 Armor.",
    "name": "Watermelon(Gold)",
    "type": "Members",
    "faction": "Plant",
    "rarity": "Epic",
    "cost": "6",
    "level": "1",
    "exp": "1",
    "foil": "Gold",
    "attack": "11",
    "armor": "1",
    "honor points": "1000",
    "source": "Ahoy Box"
  },
  {
    "image": "https://lb2nastorage-hk-cdn-endpoint.azureedge.net/nft-image/bin/nft/ol/20020_g.png",
    "salePrice": "14 USDT",
    "desc": "Hurt → give the nearest member behind +2 Power  and +2 Armor.",
    "name": "Watermelon(Gold)",
    "type": "Members",
    "faction": "Plant",
    "rarity": "Epic",
    "cost": "6",
    "level": "2",
    "exp": "2",
    "foil": "Gold",
    "attack": "12",
    "armor": "2",
    "honor points": "2000",
    "source": "Ahoy Box"
  },
  {
    "image": "https://lb2nastorage-hk-cdn-endpoint.azureedge.net/nft-image/bin/nft/ol/20020_g.png",
    "salePrice": "21.2 USDT",
    "desc": "Hurt → give the nearest member behind +3 Power  and +2 Armor.",
    "name": "Watermelon(Gold)",
    "type": "Members",
    "faction": "Plant",
    "rarity": "Epic",
    "cost": "6",
    "level": "3",
    "exp": "4",
    "foil": "Gold",
    "attack": "13",
    "armor": "3",
    "honor points": "4000",
    "source": "Ahoy Box"
  },
  {
    "image": "https://lb2nastorage-hk-cdn-endpoint.azureedge.net/nft-image/bin/nft/ol/20020_g.png",
    "salePrice": "60 USDT",
    "desc": "Hurt → give the nearest member behind +3 Power  and +4 Armor.",
    "name": "Watermelon(Gold)",
    "type": "Members",
    "faction": "Plant",
    "rarity": "Epic",
    "cost": "6",
    "level": "5",
    "exp": "11",
    "foil": "Gold",
    "attack": "15",
    "armor": "5",
    "honor points": "11000",
    "source": "Ahoy Box"
  },
  {
    "image": "https://lb2nastorage-hk-cdn-endpoint.azureedge.net/nft-image/bin/nft/ol/20020_g.png",
    "salePrice": "187.5 USDT",
    "desc": "Hurt → give the nearest member behind +4 Power  and +4 Armor.",
    "name": "Watermelon(Gold)",
    "type": "Members",
    "faction": "Plant",
    "rarity": "Epic",
    "cost": "6",
    "level": "8",
    "exp": "25",
    "foil": "Gold",
    "attack": "18",
    "armor": "8",
    "honor points": "25000",
    "source": "Ahoy Box"
  }
]