[
  {
    "image": "https://lb2nastorage-hk-cdn-endpoint.azureedge.net/nft-image/bin/nft/ol/20020.png",
    "salePrice": "2.7 USDT",
    "desc": "Hurt → give the nearest member behind +2 Power  and +2 Armor.",
    "name": "Watermelon",
    "type": "Members",
    "faction": "Plant",
    "rarity": "Epic",
    "cost": "6",
    "level": "1",
    "exp": "1",
    "foil": "Regular",
    "attack": "11",
    "armor": "1",
    "honor points": "100",
    "source": "Ahoy Box"
  },
  {
    "image": "https://lb2nastorage-hk-cdn-endpoint.azureedge.net/nft-image/bin/nft/ol/20020.png",
    "salePrice": "7.2 USDT",
    "desc": "Hurt → give the nearest member behind +3 Power  and +2 Armor.",
    "name": "Watermelon",
    "type": "Members",
    "faction": "Plant",
    "rarity": "Epic",
    "cost": "6",
    "level": "3",
    "exp": "6",
    "foil": "Regular",
    "attack": "13",
    "armor": "3",
    "honor points": "600",
    "source": "Ahoy Box"
  },
  {
    "image": "https://lb2nastorage-hk-cdn-endpoint.azureedge.net/nft-image/bin/nft/ol/20020.png",
    "salePrice": "28.99 USDT",
    "desc": "Hurt → give the nearest member behind +3 Power  and +2 Armor.",
    "name": "Watermelon",
    "type": "Members",
    "faction": "Plant",
    "rarity": "Epic",
    "cost": "6",
    "level": "4",
    "exp": "10",
    "foil": "Regular",
    "attack": "14",
    "armor": "4",
    "honor points": "1000",
    "source": "Ahoy Box"
  },
  {
    "image": "https://lb2nastorage-hk-cdn-endpoint.azureedge.net/nft-image/bin/nft/ol/20020.png",
    "salePrice": "16.8 USDT",
    "desc": "Hurt → give the nearest member behind +3 Power  and +4 Armor.",
    "name": "Watermelon",
    "type": "Members",
    "faction": "Plant",
    "rarity": "Epic",
    "cost": "6",
    "level": "5",
    "exp": "16",
    "foil": "Regular",
    "attack": "15",
    "armor": "5",
    "honor points": "1600",
    "source": "Ahoy Box"
  },
  {
    "image": "https://lb2nastorage-hk-cdn-endpoint.azureedge.net/nft-image/bin/nft/ol/20020.png",
    "salePrice": "36 USDT",
    "desc": "Hurt → give the nearest member behind +4 Power  and +4 Armor.",
    "name": "Watermelon",
    "type": "Members",
    "faction": "Plant",
    "rarity": "Epic",
    "cost": "6",
    "level": "8",
    "exp": "40",
    "foil": "Regular",
    "attack": "18",
    "armor": "8",
    "honor points": "4000",
    "source": "Ahoy Box"
  }
]