[
  {
    "image": "https://lb2nastorage-hk-cdn-endpoint.azureedge.net/nft-image/bin/nft/ol/20075.png",
    "salePrice": "0.65 USDT",
    "desc": "Attack and survive → All friendly Mech members with <Energy Shield> gain +4 Power.",
    "name": "Scout Bot",
    "type": "Members",
    "faction": "Mech",
    "rarity": "Epic",
    "cost": "5",
    "level": "1",
    "exp": "1",
    "foil": "Regular",
    "attack": "10",
    "armor": "0",
    "honor points": "100",
    "source": "Ahoy Box"
  },
  {
    "image": "https://lb2nastorage-hk-cdn-endpoint.azureedge.net/nft-image/bin/nft/ol/20075.png",
    "salePrice": "3.9 USDT",
    "desc": "Attack and survive → All friendly Mech members with <Energy Shield> gain +5 Power.",
    "name": "Scout Bot",
    "type": "Members",
    "faction": "Mech",
    "rarity": "Epic",
    "cost": "5",
    "level": "3",
    "exp": "6",
    "foil": "Regular",
    "attack": "12",
    "armor": "0",
    "honor points": "600",
    "source": "Ahoy Box"
  },
  {
    "image": "https://lb2nastorage-hk-cdn-endpoint.azureedge.net/nft-image/bin/nft/ol/20075.png",
    "salePrice": "16 USDT",
    "desc": "Attack and survive → All friendly Mech members with <Energy Shield> gain +6 Power.",
    "name": "Scout Bot",
    "type": "Members",
    "faction": "Mech",
    "rarity": "Epic",
    "cost": "5",
    "level": "5",
    "exp": "16",
    "foil": "Regular",
    "attack": "14",
    "armor": "0",
    "honor points": "1600",
    "source": "Ahoy Box"
  }
]