[
  {
    "image": "https://lb2nastorage-hk-cdn-endpoint.azureedge.net/nft-image/bin/nft/ol/20100_g.png",
    "salePrice": "2.98 USDT",
    "desc": "Attack and survive → Deal 3 to 5 damage to 2 random enemy members.",
    "name": "Shadow Dragon(Gold)",
    "type": "Members",
    "faction": "Dragon",
    "rarity": "Epic",
    "cost": "7",
    "level": "1",
    "exp": "1",
    "foil": "Gold",
    "attack": "6",
    "armor": "14",
    "honor points": "1000",
    "source": "Ahoy Box"
  },
  {
    "image": "https://lb2nastorage-hk-cdn-endpoint.azureedge.net/nft-image/bin/nft/ol/20100_g.png",
    "salePrice": "10 USDT",
    "desc": "Attack and survive → Deal 4 to 6 damage to 2 random enemy members.",
    "name": "Shadow Dragon(Gold)",
    "type": "Members",
    "faction": "Dragon",
    "rarity": "Epic",
    "cost": "7",
    "level": "3",
    "exp": "4",
    "foil": "Gold",
    "attack": "8",
    "armor": "16",
    "honor points": "4000",
    "source": "Ahoy Box"
  },
  {
    "image": "https://lb2nastorage-hk-cdn-endpoint.azureedge.net/nft-image/bin/nft/ol/20100_g.png",
    "salePrice": "20 USDT",
    "desc": "Attack and survive → Deal 5 to 7 damage to 2 random enemy members.",
    "name": "Shadow Dragon(Gold)",
    "type": "Members",
    "faction": "Dragon",
    "rarity": "Epic",
    "cost": "7",
    "level": "5",
    "exp": "11",
    "foil": "Gold",
    "attack": "10",
    "armor": "18",
    "honor points": "11000",
    "source": "Ahoy Box"
  }
]