[
  {
    "image": "https://lb2nastorage-hk-cdn-endpoint.azureedge.net/nft-image/bin/nft/ol/20030.png",
    "salePrice": "0.84 USDT",
    "desc": "Knocked out → If any friendly Zombie members (except <Prince Zombie>) are alive, summon <Prince Zombie> at the end of the team.",
    "name": "Prince Zombie",
    "type": "Members",
    "faction": "Zombie",
    "rarity": "Legendary",
    "cost": "3",
    "level": "1",
    "exp": "1",
    "foil": "Regular",
    "attack": "8",
    "armor": "0",
    "honor points": "500",
    "source": "Ahoy Box"
  },
  {
    "image": "https://lb2nastorage-hk-cdn-endpoint.azureedge.net/nft-image/bin/nft/ol/20030.png",
    "salePrice": "1.76 USDT",
    "desc": "Knocked out → If any friendly Zombie members (except <Prince Zombie>) are alive, summon <Prince Zombie> at the end of the team.",
    "name": "Prince Zombie",
    "type": "Members",
    "faction": "Zombie",
    "rarity": "Legendary",
    "cost": "3",
    "level": "2",
    "exp": "2",
    "foil": "Regular",
    "attack": "9",
    "armor": "0",
    "honor points": "1000",
    "source": "Ahoy Box"
  },
  {
    "image": "https://lb2nastorage-hk-cdn-endpoint.azureedge.net/nft-image/bin/nft/ol/20030.png",
    "salePrice": "3.2 USDT",
    "desc": "Knocked out → If any friendly Zombie members (except <Prince Zombie>) are alive, summon <Prince Zombie> at the end of the team.",
    "name": "Prince Zombie",
    "type": "Members",
    "faction": "Zombie",
    "rarity": "Legendary",
    "cost": "3",
    "level": "3",
    "exp": "4",
    "foil": "Regular",
    "attack": "10",
    "armor": "0",
    "honor points": "2000",
    "source": "Ahoy Box"
  },
  {
    "image": "https://lb2nastorage-hk-cdn-endpoint.azureedge.net/nft-image/bin/nft/ol/20030.png",
    "salePrice": "6.66 USDT",
    "desc": "Knocked out → If any friendly Zombie members (except <Prince Zombie>) are alive, summon <Prince Zombie> at the end of the team.",
    "name": "Prince Zombie",
    "type": "Members",
    "faction": "Zombie",
    "rarity": "Legendary",
    "cost": "3",
    "level": "5",
    "exp": "9",
    "foil": "Regular",
    "attack": "12",
    "armor": "0",
    "honor points": "4500",
    "source": "Ahoy Box"
  },
  {
    "image": "https://lb2nastorage-hk-cdn-endpoint.azureedge.net/nft-image/bin/nft/ol/20030.png",
    "salePrice": "11.2 USDT",
    "desc": "Knocked out → If any friendly Zombie members (except <Prince Zombie>) are alive, summon <Prince Zombie> at the end of the team.",
    "name": "Prince Zombie",
    "type": "Members",
    "faction": "Zombie",
    "rarity": "Legendary",
    "cost": "3",
    "level": "7",
    "exp": "14",
    "foil": "Regular",
    "attack": "14",
    "armor": "0",
    "honor points": "7000",
    "source": "Ahoy Box"
  },
  {
    "image": "https://lb2nastorage-hk-cdn-endpoint.azureedge.net/nft-image/bin/nft/ol/20030.png",
    "salePrice": "13.6 USDT",
    "desc": "Knocked out → If any friendly Zombie members (except <Prince Zombie>) are alive, summon <Prince Zombie> at the end of the team.",
    "name": "Prince Zombie",
    "type": "Members",
    "faction": "Zombie",
    "rarity": "Legendary",
    "cost": "3",
    "level": "8",
    "exp": "17",
    "foil": "Regular",
    "attack": "15",
    "armor": "0",
    "honor points": "8500",
    "source": "Ahoy Box"
  }
]