[
  {
    "image": "https://lb2nastorage-hk-cdn-endpoint.azureedge.net/nft-image/bin/nft/ol/20040.png",
    "salePrice": "0.011 USDT",
    "desc": "None",
    "name": "Farmer Zombie",
    "type": "Members",
    "faction": "Zombie",
    "rarity": "Common",
    "cost": "3",
    "level": "1",
    "exp": "3",
    "foil": "Regular",
    "attack": "7",
    "armor": "0",
    "honor points": "15",
    "source": "All"
  },
  {
    "image": "https://lb2nastorage-hk-cdn-endpoint.azureedge.net/nft-image/bin/nft/ol/20040.png",
    "salePrice": "0.04 USDT",
    "desc": "None",
    "name": "Farmer Zombie",
    "type": "Members",
    "faction": "Zombie",
    "rarity": "Common",
    "cost": "3",
    "level": "2",
    "exp": "10",
    "foil": "Regular",
    "attack": "8",
    "armor": "0",
    "honor points": "50",
    "source": "All"
  },
  {
    "image": "https://lb2nastorage-hk-cdn-endpoint.azureedge.net/nft-image/bin/nft/ol/20040.png",
    "salePrice": "0.08 USDT",
    "desc": "None",
    "name": "Farmer Zombie",
    "type": "Members",
    "faction": "Zombie",
    "rarity": "Common",
    "cost": "3",
    "level": "3",
    "exp": "16",
    "foil": "Regular",
    "attack": "9",
    "armor": "0",
    "honor points": "80",
    "source": "All"
  },
  {
    "image": "https://lb2nastorage-hk-cdn-endpoint.azureedge.net/nft-image/bin/nft/ol/20040.png",
    "salePrice": "0.164 USDT",
    "desc": "None",
    "name": "Farmer Zombie",
    "type": "Members",
    "faction": "Zombie",
    "rarity": "Common",
    "cost": "3",
    "level": "4",
    "exp": "42",
    "foil": "Regular",
    "attack": "10",
    "armor": "0",
    "honor points": "210",
    "source": "All"
  },
  {
    "image": "https://lb2nastorage-hk-cdn-endpoint.azureedge.net/nft-image/bin/nft/ol/20040.png",
    "salePrice": "0.3 USDT",
    "desc": "None",
    "name": "Farmer Zombie",
    "type": "Members",
    "faction": "Zombie",
    "rarity": "Common",
    "cost": "3",
    "level": "5",
    "exp": "60",
    "foil": "Regular",
    "attack": "11",
    "armor": "0",
    "honor points": "300",
    "source": "All"
  },
  {
    "image": "https://lb2nastorage-hk-cdn-endpoint.azureedge.net/nft-image/bin/nft/ol/20040.png",
    "salePrice": "0.68 USDT",
    "desc": "None",
    "name": "Farmer Zombie",
    "type": "Members",
    "faction": "Zombie",
    "rarity": "Common",
    "cost": "3",
    "level": "7",
    "exp": "170",
    "foil": "Regular",
    "attack": "13",
    "armor": "0",
    "honor points": "850",
    "source": "All"
  },
  {
    "image": "https://lb2nastorage-hk-cdn-endpoint.azureedge.net/nft-image/bin/nft/ol/20040.png",
    "salePrice": "1.088 USDT",
    "desc": "None",
    "name": "Farmer Zombie",
    "type": "Members",
    "faction": "Zombie",
    "rarity": "Common",
    "cost": "3",
    "level": "8",
    "exp": "272",
    "foil": "Regular",
    "attack": "14",
    "armor": "0",
    "honor points": "1360",
    "source": "All"
  }
]