[
  {
    "image": "https://lb2nastorage-hk-cdn-endpoint.azureedge.net/nft-image/bin/nft/ol/20015.png",
    "salePrice": "0.076 USDT",
    "desc": "Knocked out → summon 2 <Frying Pan> with the same level as this card at the end of the team.",
    "name": "Starving Mimic",
    "type": "Members",
    "faction": "Neutral",
    "rarity": "Epic",
    "cost": "5",
    "level": "1",
    "exp": "1",
    "foil": "Regular",
    "attack": "2",
    "armor": "0",
    "honor points": "100",
    "source": "Ahoy Box"
  },
  {
    "image": "https://lb2nastorage-hk-cdn-endpoint.azureedge.net/nft-image/bin/nft/ol/20015.png",
    "salePrice": "0.24 USDT",
    "desc": "Knocked out → summon 2 <Frying Pan> with the same level as this card at the end of the team.",
    "name": "Starving Mimic",
    "type": "Members",
    "faction": "Neutral",
    "rarity": "Epic",
    "cost": "5",
    "level": "2",
    "exp": "3",
    "foil": "Regular",
    "attack": "2",
    "armor": "0",
    "honor points": "300",
    "source": "Ahoy Box"
  },
  {
    "image": "https://lb2nastorage-hk-cdn-endpoint.azureedge.net/nft-image/bin/nft/ol/20015.png",
    "salePrice": "0.587 USDT",
    "desc": "Knocked out → summon 2 <Frying Pan> with the same level as this card at the end of the team.",
    "name": "Starving Mimic",
    "type": "Members",
    "faction": "Neutral",
    "rarity": "Epic",
    "cost": "5",
    "level": "3",
    "exp": "8",
    "foil": "Regular",
    "attack": "2",
    "armor": "0",
    "honor points": "800",
    "source": "Ahoy Box"
  },
  {
    "image": "https://lb2nastorage-hk-cdn-endpoint.azureedge.net/nft-image/bin/nft/ol/20015.png",
    "salePrice": "0.86 USDT",
    "desc": "Knocked out → summon 2 <Frying Pan> with the same level as this card at the end of the team.",
    "name": "Starving Mimic",
    "type": "Members",
    "faction": "Neutral",
    "rarity": "Epic",
    "cost": "5",
    "level": "4",
    "exp": "10",
    "foil": "Regular",
    "attack": "2",
    "armor": "0",
    "honor points": "1000",
    "source": "Ahoy Box"
  },
  {
    "image": "https://lb2nastorage-hk-cdn-endpoint.azureedge.net/nft-image/bin/nft/ol/20015.png",
    "salePrice": "1.184 USDT",
    "desc": "Knocked out → summon 2 <Frying Pan> with the same level as this card at the end of the team.",
    "name": "Starving Mimic",
    "type": "Members",
    "faction": "Neutral",
    "rarity": "Epic",
    "cost": "5",
    "level": "5",
    "exp": "16",
    "foil": "Regular",
    "attack": "2",
    "armor": "0",
    "honor points": "1600",
    "source": "Ahoy Box"
  },
  {
    "image": "https://lb2nastorage-hk-cdn-endpoint.azureedge.net/nft-image/bin/nft/ol/20015.png",
    "salePrice": "2.07 USDT",
    "desc": "Knocked out → summon 2 <Frying Pan> with the same level as this card at the end of the team.",
    "name": "Starving Mimic",
    "type": "Members",
    "faction": "Neutral",
    "rarity": "Epic",
    "cost": "5",
    "level": "6",
    "exp": "23",
    "foil": "Regular",
    "attack": "2",
    "armor": "0",
    "honor points": "2300",
    "source": "Ahoy Box"
  },
  {
    "image": "https://lb2nastorage-hk-cdn-endpoint.azureedge.net/nft-image/bin/nft/ol/20015.png",
    "salePrice": "2.16 USDT",
    "desc": "Knocked out → summon 2 <Frying Pan> with the same level as this card at the end of the team.",
    "name": "Starving Mimic",
    "type": "Members",
    "faction": "Neutral",
    "rarity": "Epic",
    "cost": "5",
    "level": "7",
    "exp": "36",
    "foil": "Regular",
    "attack": "2",
    "armor": "0",
    "honor points": "3600",
    "source": "Ahoy Box"
  },
  {
    "image": "https://lb2nastorage-hk-cdn-endpoint.azureedge.net/nft-image/bin/nft/ol/20015.png",
    "salePrice": "4.446 USDT",
    "desc": "Knocked out → summon 2 <Frying Pan> with the same level as this card at the end of the team.",
    "name": "Starving Mimic",
    "type": "Members",
    "faction": "Neutral",
    "rarity": "Epic",
    "cost": "5",
    "level": "9",
    "exp": "57",
    "foil": "Regular",
    "attack": "2",
    "armor": "0",
    "honor points": "5700",
    "source": "Ahoy Box"
  },
  {
    "image": "https://lb2nastorage-hk-cdn-endpoint.azureedge.net/nft-image/bin/nft/ol/20015.png",
    "salePrice": "4.8 USDT",
    "desc": "Knocked out → summon 2 <Frying Pan> with the same level as this card at the end of the team.",
    "name": "Starving Mimic",
    "type": "Members",
    "faction": "Neutral",
    "rarity": "Epic",
    "cost": "5",
    "level": "10",
    "exp": "60",
    "foil": "Regular",
    "attack": "5",
    "armor": "0",
    "honor points": "6300",
    "source": "Ahoy Box"
  }
]