[
  {
    "image": "https://lb2nastorage-hk-cdn-endpoint.azureedge.net/nft-image/bin/nft/ol/10001_g.png",
    "salePrice": "0.046 USDT",
    "desc": "Start of battle → all friendly members gain +1 Power.",
    "name": "Mad Rabbit(Gold)",
    "type": "Leaders",
    "faction": "Animal",
    "rarity": "Common",
    "cost": "0",
    "level": "1",
    "exp": "1",
    "foil": "Gold",
    "attack": "0",
    "armor": "0",
    "honor points": "50",
    "source": "All"
  },
  {
    "image": "https://lb2nastorage-hk-cdn-endpoint.azureedge.net/nft-image/bin/nft/ol/10001_g.png",
    "salePrice": "0.414 USDT",
    "desc": "Start of battle → all friendly members gain +1 Power.",
    "name": "Mad Rabbit(Gold)",
    "type": "Leaders",
    "faction": "Animal",
    "rarity": "Common",
    "cost": "0",
    "level": "3",
    "exp": "9",
    "foil": "Gold",
    "attack": "0",
    "armor": "0",
    "honor points": "450",
    "source": "All"
  },
  {
    "image": "https://lb2nastorage-hk-cdn-endpoint.azureedge.net/nft-image/bin/nft/ol/10001_g.png",
    "salePrice": "1.43 USDT",
    "desc": "Start of battle → all friendly members gain +2 Power.",
    "name": "Mad Rabbit(Gold)",
    "type": "Leaders",
    "faction": "Animal",
    "rarity": "Common",
    "cost": "0",
    "level": "5",
    "exp": "26",
    "foil": "Gold",
    "attack": "0",
    "armor": "0",
    "honor points": "1300",
    "source": "All"
  },
  {
    "image": "https://lb2nastorage-hk-cdn-endpoint.azureedge.net/nft-image/bin/nft/ol/10001_g.png",
    "salePrice": "122.4 USDT",
    "desc": "Start of battle → all friendly members gain +2 Power.",
    "name": "Mad Rabbit(Gold)",
    "type": "Leaders",
    "faction": "Animal",
    "rarity": "Common",
    "cost": "0",
    "level": "10",
    "exp": "136",
    "foil": "Gold",
    "attack": "0",
    "armor": "0",
    "honor points": "7140",
    "source": "All"
  }
]