[
  {
    "image": "https://lb2nastorage-hk-cdn-endpoint.azureedge.net/nft-image/bin/nft/ol/20004.png",
    "salePrice": "0.018 USDT",
    "desc": "Knocked out → give +7 to 9 Armor to the friendly member with the highest Armor.",
    "name": "Iron Helmet",
    "type": "Members",
    "faction": "Neutral",
    "rarity": "Rare",
    "cost": "6",
    "level": "1",
    "exp": "1",
    "foil": "Regular",
    "attack": "9",
    "armor": "0",
    "honor points": "20",
    "source": "All"
  },
  {
    "image": "https://lb2nastorage-hk-cdn-endpoint.azureedge.net/nft-image/bin/nft/ol/20004.png",
    "salePrice": "0.075 USDT",
    "desc": "Knocked out → give +7 to 9 Armor to the friendly member with the highest Armor.",
    "name": "Iron Helmet",
    "type": "Members",
    "faction": "Neutral",
    "rarity": "Rare",
    "cost": "6",
    "level": "2",
    "exp": "4",
    "foil": "Regular",
    "attack": "10",
    "armor": "0",
    "honor points": "80",
    "source": "All"
  },
  {
    "image": "https://lb2nastorage-hk-cdn-endpoint.azureedge.net/nft-image/bin/nft/ol/20004.png",
    "salePrice": "0.17 USDT",
    "desc": "Knocked out → give +9 to 11 Armor to the friendly member with the highest Armor.",
    "name": "Iron Helmet",
    "type": "Members",
    "faction": "Neutral",
    "rarity": "Rare",
    "cost": "6",
    "level": "3",
    "exp": "10",
    "foil": "Regular",
    "attack": "11",
    "armor": "0",
    "honor points": "200",
    "source": "All"
  }
]