[
  {
    "image": "https://lb2nastorage-hk-cdn-endpoint.azureedge.net/nft-image/bin/nft/ol/20072.png",
    "salePrice": "140 USDT",
    "desc": "Friendly Mech members knocked out → gain <Energy Shield>, if it already has <Energy Shield>, gain +3 Power.",
    "name": "GT 130",
    "type": "Members",
    "faction": "Mech",
    "rarity": "Legendary",
    "cost": "7",
    "level": "1",
    "exp": "1",
    "foil": "Regular",
    "attack": "10",
    "armor": "0",
    "honor points": "500",
    "source": "Alchemy"
  },
  {
    "image": "https://lb2nastorage-hk-cdn-endpoint.azureedge.net/nft-image/bin/nft/ol/20072.png",
    "salePrice": "1112 USDT",
    "desc": "Friendly Mech members knocked out → gain <Energy Shield>, if it already has <Energy Shield>, gain +5 Power.",
    "name": "GT 130",
    "type": "Members",
    "faction": "Mech",
    "rarity": "Legendary",
    "cost": "7",
    "level": "5",
    "exp": "8",
    "foil": "Regular",
    "attack": "18",
    "armor": "0",
    "honor points": "4000",
    "source": "Alchemy"
  }
]