[
  {
    "image": "https://lb2nastorage-hk-cdn-endpoint.azureedge.net/nft-image/bin/nft/ol/20075_g.png",
    "salePrice": "3.799 USDT",
    "desc": "Attack and survive → All friendly Mech members with <Energy Shield> gain +4 Power.",
    "name": "Scout Bot(Gold)",
    "type": "Members",
    "faction": "Mech",
    "rarity": "Epic",
    "cost": "5",
    "level": "1",
    "exp": "1",
    "foil": "Gold",
    "attack": "10",
    "armor": "0",
    "honor points": "1000",
    "source": "Ahoy Box"
  },
  {
    "image": "https://lb2nastorage-hk-cdn-endpoint.azureedge.net/nft-image/bin/nft/ol/20075_g.png",
    "salePrice": "24 USDT",
    "desc": "Attack and survive → All friendly Mech members with <Energy Shield> gain +5 Power.",
    "name": "Scout Bot(Gold)",
    "type": "Members",
    "faction": "Mech",
    "rarity": "Epic",
    "cost": "5",
    "level": "3",
    "exp": "4",
    "foil": "Gold",
    "attack": "12",
    "armor": "0",
    "honor points": "4000",
    "source": "Ahoy Box"
  },
  {
    "image": "https://lb2nastorage-hk-cdn-endpoint.azureedge.net/nft-image/bin/nft/ol/20075_g.png",
    "salePrice": "43.78 USDT",
    "desc": "Attack and survive → All friendly Mech members with <Energy Shield> gain +6 Power.",
    "name": "Scout Bot(Gold)",
    "type": "Members",
    "faction": "Mech",
    "rarity": "Epic",
    "cost": "5",
    "level": "5",
    "exp": "11",
    "foil": "Gold",
    "attack": "14",
    "armor": "0",
    "honor points": "11000",
    "source": "Ahoy Box"
  }
]