[
  {
    "image": "https://lb2nastorage-hk-cdn-endpoint.azureedge.net/nft-image/bin/nft/ol/20012_g.png",
    "salePrice": "3.29 USDT",
    "desc": "Knocked out → Summon a random <Death Whisper> Zombie member with the same level as this card at the end of the team.",
    "name": "Clown Zombie(Gold)",
    "type": "Members",
    "faction": "Zombie",
    "rarity": "Epic",
    "cost": "4",
    "level": "1",
    "exp": "1",
    "foil": "Gold",
    "attack": "1",
    "armor": "0",
    "honor points": "1000",
    "source": "Ahoy Box"
  },
  {
    "image": "https://lb2nastorage-hk-cdn-endpoint.azureedge.net/nft-image/bin/nft/ol/20012_g.png",
    "salePrice": "7.42 USDT",
    "desc": "Knocked out → Summon a random <Death Whisper> Zombie member with the same level as this card at the end of the team.",
    "name": "Clown Zombie(Gold)",
    "type": "Members",
    "faction": "Zombie",
    "rarity": "Epic",
    "cost": "4",
    "level": "2",
    "exp": "2",
    "foil": "Gold",
    "attack": "2",
    "armor": "0",
    "honor points": "2000",
    "source": "Ahoy Box"
  },
  {
    "image": "https://lb2nastorage-hk-cdn-endpoint.azureedge.net/nft-image/bin/nft/ol/20012_g.png",
    "salePrice": "36 USDT",
    "desc": "Knocked out → Summon a random <Death Whisper> Zombie member with the same level as this card at the end of the team.",
    "name": "Clown Zombie(Gold)",
    "type": "Members",
    "faction": "Zombie",
    "rarity": "Epic",
    "cost": "4",
    "level": "5",
    "exp": "11",
    "foil": "Gold",
    "attack": "5",
    "armor": "0",
    "honor points": "11000",
    "source": "Ahoy Box"
  },
  {
    "image": "https://lb2nastorage-hk-cdn-endpoint.azureedge.net/nft-image/bin/nft/ol/20012_g.png",
    "salePrice": "90 USDT",
    "desc": "Knocked out → Summon a random <Death Whisper> Zombie member with the same level as this card at the end of the team.",
    "name": "Clown Zombie(Gold)",
    "type": "Members",
    "faction": "Zombie",
    "rarity": "Epic",
    "cost": "4",
    "level": "9",
    "exp": "30",
    "foil": "Gold",
    "attack": "9",
    "armor": "0",
    "honor points": "30000",
    "source": "Ahoy Box"
  }
]