[
  {
    "image": "https://lb2nastorage-hk-cdn-endpoint.azureedge.net/nft-image/bin/nft/ol/20032_g.png",
    "salePrice": "0.05 USDT",
    "desc": "None",
    "name": "Boxing Gloves(Gold)",
    "type": "Members",
    "faction": "Neutral",
    "rarity": "Common",
    "cost": "1",
    "level": "1",
    "exp": "1",
    "foil": "Gold",
    "attack": "3",
    "armor": "0",
    "honor points": "50",
    "source": "All"
  },
  {
    "image": "https://lb2nastorage-hk-cdn-endpoint.azureedge.net/nft-image/bin/nft/ol/20032_g.png",
    "salePrice": "0.152 USDT",
    "desc": "None",
    "name": "Boxing Gloves(Gold)",
    "type": "Members",
    "faction": "Neutral",
    "rarity": "Common",
    "cost": "1",
    "level": "2",
    "exp": "4",
    "foil": "Gold",
    "attack": "3",
    "armor": "1",
    "honor points": "200",
    "source": "All"
  },
  {
    "image": "https://lb2nastorage-hk-cdn-endpoint.azureedge.net/nft-image/bin/nft/ol/20032_g.png",
    "salePrice": "0.351 USDT",
    "desc": "None",
    "name": "Boxing Gloves(Gold)",
    "type": "Members",
    "faction": "Neutral",
    "rarity": "Common",
    "cost": "1",
    "level": "3",
    "exp": "9",
    "foil": "Gold",
    "attack": "3",
    "armor": "2",
    "honor points": "450",
    "source": "All"
  },
  {
    "image": "https://lb2nastorage-hk-cdn-endpoint.azureedge.net/nft-image/bin/nft/ol/20032_g.png",
    "salePrice": "2.1 USDT",
    "desc": "None",
    "name": "Boxing Gloves(Gold)",
    "type": "Members",
    "faction": "Neutral",
    "rarity": "Common",
    "cost": "1",
    "level": "6",
    "exp": "42",
    "foil": "Gold",
    "attack": "3",
    "armor": "5",
    "honor points": "2100",
    "source": "All"
  }
]