[
  {
    "image": "https://lb2nastorage-hk-cdn-endpoint.azureedge.net/nft-image/bin/nft/ol/20059.png",
    "salePrice": "0.017 USDT",
    "desc": "Hurt → deal 2 to 4 damage to the first enemy member.",
    "name": "Cactus",
    "type": "Members",
    "faction": "Plant",
    "rarity": "Rare",
    "cost": "5",
    "level": "1",
    "exp": "1",
    "foil": "Regular",
    "attack": "4",
    "armor": "8",
    "honor points": "20",
    "source": "All"
  },
  {
    "image": "https://lb2nastorage-hk-cdn-endpoint.azureedge.net/nft-image/bin/nft/ol/20059.png",
    "salePrice": "0.1 USDT",
    "desc": "Hurt → deal 2 to 4 damage to the first enemy member.",
    "name": "Cactus",
    "type": "Members",
    "faction": "Plant",
    "rarity": "Rare",
    "cost": "5",
    "level": "2",
    "exp": "4",
    "foil": "Regular",
    "attack": "5",
    "armor": "9",
    "honor points": "80",
    "source": "All"
  },
  {
    "image": "https://lb2nastorage-hk-cdn-endpoint.azureedge.net/nft-image/bin/nft/ol/20059.png",
    "salePrice": "0.11 USDT",
    "desc": "Hurt → deal 3 to 5 damage to the first enemy member.",
    "name": "Cactus",
    "type": "Members",
    "faction": "Plant",
    "rarity": "Rare",
    "cost": "5",
    "level": "3",
    "exp": "11",
    "foil": "Regular",
    "attack": "6",
    "armor": "10",
    "honor points": "220",
    "source": "All"
  },
  {
    "image": "https://lb2nastorage-hk-cdn-endpoint.azureedge.net/nft-image/bin/nft/ol/20059.png",
    "salePrice": "0.4 USDT",
    "desc": "Hurt → deal 3 to 5 damage to the first enemy member.",
    "name": "Cactus",
    "type": "Members",
    "faction": "Plant",
    "rarity": "Rare",
    "cost": "5",
    "level": "4",
    "exp": "20",
    "foil": "Regular",
    "attack": "7",
    "armor": "11",
    "honor points": "400",
    "source": "All"
  }
]