[
  {
    "image": "https://lb2nastorage-hk-cdn-endpoint.azureedge.net/nft-image/bin/nft/ol/10015.png",
    "salePrice": "0.79 USDT",
    "desc": "Friendly Zombie members summoned → give +2 to 3 Power to the friendly Zombie member with the highest Power. <triggered 4 time(s)>",
    "name": "Zombie Bride",
    "type": "Leaders",
    "faction": "Zombie",
    "rarity": "Epic",
    "cost": "2",
    "level": "1",
    "exp": "1",
    "foil": "Regular",
    "attack": "0",
    "armor": "0",
    "honor points": "100",
    "source": "Ahoy Box"
  },
  {
    "image": "https://lb2nastorage-hk-cdn-endpoint.azureedge.net/nft-image/bin/nft/ol/10015.png",
    "salePrice": "3.189 USDT",
    "desc": "Friendly Zombie members summoned → give +2 to 3 Power to the friendly Zombie member with the highest Power. <triggered 4 time(s)>",
    "name": "Zombie Bride",
    "type": "Leaders",
    "faction": "Zombie",
    "rarity": "Epic",
    "cost": "2",
    "level": "2",
    "exp": "4",
    "foil": "Regular",
    "attack": "0",
    "armor": "0",
    "honor points": "400",
    "source": "Ahoy Box"
  },
  {
    "image": "https://lb2nastorage-hk-cdn-endpoint.azureedge.net/nft-image/bin/nft/ol/10015.png",
    "salePrice": "4.5 USDT",
    "desc": "Friendly Zombie members summoned → give +3 to 4 Power to the friendly Zombie member with the highest Power. <triggered 4 time(s)>",
    "name": "Zombie Bride",
    "type": "Leaders",
    "faction": "Zombie",
    "rarity": "Epic",
    "cost": "2",
    "level": "3",
    "exp": "6",
    "foil": "Regular",
    "attack": "0",
    "armor": "0",
    "honor points": "600",
    "source": "Ahoy Box"
  },
  {
    "image": "https://lb2nastorage-hk-cdn-endpoint.azureedge.net/nft-image/bin/nft/ol/10015.png",
    "salePrice": "10.524 USDT",
    "desc": "Friendly Zombie members summoned → give +3 to 4 Power to the friendly Zombie member with the highest Power. <triggered 4 time(s)>",
    "name": "Zombie Bride",
    "type": "Leaders",
    "faction": "Zombie",
    "rarity": "Epic",
    "cost": "2",
    "level": "4",
    "exp": "12",
    "foil": "Regular",
    "attack": "0",
    "armor": "0",
    "honor points": "1200",
    "source": "Ahoy Box"
  },
  {
    "image": "https://lb2nastorage-hk-cdn-endpoint.azureedge.net/nft-image/bin/nft/ol/10015.png",
    "salePrice": "7 USDT",
    "desc": "Friendly Zombie members summoned → give +4 to 5 Power to the friendly Zombie member with the highest Power. <triggered 4 time(s)>",
    "name": "Zombie Bride",
    "type": "Leaders",
    "faction": "Zombie",
    "rarity": "Epic",
    "cost": "2",
    "level": "5",
    "exp": "16",
    "foil": "Regular",
    "attack": "0",
    "armor": "0",
    "honor points": "1600",
    "source": "Ahoy Box"
  },
  {
    "image": "https://lb2nastorage-hk-cdn-endpoint.azureedge.net/nft-image/bin/nft/ol/10015.png",
    "salePrice": "38 USDT",
    "desc": "Friendly Zombie members summoned → give +5 to 6 Power to the friendly Zombie member with the highest Power. <triggered 4 time(s)>",
    "name": "Zombie Bride",
    "type": "Leaders",
    "faction": "Zombie",
    "rarity": "Epic",
    "cost": "2",
    "level": "8",
    "exp": "40",
    "foil": "Regular",
    "attack": "0",
    "armor": "0",
    "honor points": "4000",
    "source": "Ahoy Box"
  }
]