[
  {
    "image": "https://lb2nastorage-hk-cdn-endpoint.azureedge.net/nft-image/bin/nft/ol/10013_g.png",
    "salePrice": "0.478 USDT",
    "desc": "Friendly Animal members knock out an enemy and survive → gain +2 Power. <triggered 4 time(s)>",
    "name": "Uncle Elk(Gold)",
    "type": "Leaders",
    "faction": "Animal",
    "rarity": "Rare",
    "cost": "0",
    "level": "1",
    "exp": "1",
    "foil": "Gold",
    "attack": "0",
    "armor": "0",
    "honor points": "200",
    "source": "All"
  },
  {
    "image": "https://lb2nastorage-hk-cdn-endpoint.azureedge.net/nft-image/bin/nft/ol/10013_g.png",
    "salePrice": "4.35 USDT",
    "desc": "Friendly Animal members knock out an enemy and survive → gain +4 Power. <triggered 4 time(s)>",
    "name": "Uncle Elk(Gold)",
    "type": "Leaders",
    "faction": "Animal",
    "rarity": "Rare",
    "cost": "0",
    "level": "5",
    "exp": "15",
    "foil": "Gold",
    "attack": "0",
    "armor": "0",
    "honor points": "3000",
    "source": "All"
  },
  {
    "image": "https://lb2nastorage-hk-cdn-endpoint.azureedge.net/nft-image/bin/nft/ol/10013_g.png",
    "salePrice": "38.8 USDT",
    "desc": "Friendly Animal members knock out an enemy and survive → gain +5 Power. <triggered 4 time(s)>",
    "name": "Uncle Elk(Gold)",
    "type": "Leaders",
    "faction": "Animal",
    "rarity": "Rare",
    "cost": "0",
    "level": "9",
    "exp": "56",
    "foil": "Gold",
    "attack": "0",
    "armor": "0",
    "honor points": "11200",
    "source": "All"
  }
]