[
  {
    "image": "https://lb2nastorage-hk-cdn-endpoint.azureedge.net/nft-image/bin/nft/ol/20028.png",
    "salePrice": "0.32 USDT",
    "desc": "Knocked out → deal 1 to 3 damage to each enemy member.",
    "name": "Bomb Zombie",
    "type": "Members",
    "faction": "Zombie",
    "rarity": "Rare",
    "cost": "4",
    "level": "1",
    "exp": "1",
    "foil": "Regular",
    "attack": "4",
    "armor": "0",
    "honor points": "20",
    "source": "All"
  },
  {
    "image": "https://lb2nastorage-hk-cdn-endpoint.azureedge.net/nft-image/bin/nft/ol/20028.png",
    "salePrice": "1.396 USDT",
    "desc": "Knocked out → deal 1 to 3 damage to each enemy member.",
    "name": "Bomb Zombie",
    "type": "Members",
    "faction": "Zombie",
    "rarity": "Rare",
    "cost": "4",
    "level": "2",
    "exp": "4",
    "foil": "Regular",
    "attack": "5",
    "armor": "0",
    "honor points": "80",
    "source": "All"
  },
  {
    "image": "https://lb2nastorage-hk-cdn-endpoint.azureedge.net/nft-image/bin/nft/ol/20028.png",
    "salePrice": "3.12 USDT",
    "desc": "Knocked out → deal 2 to 4 damage to each enemy member.",
    "name": "Bomb Zombie",
    "type": "Members",
    "faction": "Zombie",
    "rarity": "Rare",
    "cost": "4",
    "level": "3",
    "exp": "12",
    "foil": "Regular",
    "attack": "6",
    "armor": "0",
    "honor points": "240",
    "source": "All"
  },
  {
    "image": "https://lb2nastorage-hk-cdn-endpoint.azureedge.net/nft-image/bin/nft/ol/20028.png",
    "salePrice": "6.58 USDT",
    "desc": "Knocked out → deal 2 to 4 damage to each enemy member.",
    "name": "Bomb Zombie",
    "type": "Members",
    "faction": "Zombie",
    "rarity": "Rare",
    "cost": "4",
    "level": "4",
    "exp": "20",
    "foil": "Regular",
    "attack": "7",
    "armor": "0",
    "honor points": "400",
    "source": "All"
  },
  {
    "image": "https://lb2nastorage-hk-cdn-endpoint.azureedge.net/nft-image/bin/nft/ol/20028.png",
    "salePrice": "6.65 USDT",
    "desc": "Knocked out → deal 3 to 5 damage to each enemy member.",
    "name": "Bomb Zombie",
    "type": "Members",
    "faction": "Zombie",
    "rarity": "Rare",
    "cost": "4",
    "level": "5",
    "exp": "38",
    "foil": "Regular",
    "attack": "8",
    "armor": "0",
    "honor points": "760",
    "source": "All"
  },
  {
    "image": "https://lb2nastorage-hk-cdn-endpoint.azureedge.net/nft-image/bin/nft/ol/20028.png",
    "salePrice": "25.3 USDT",
    "desc": "Knocked out → deal 4 to 6 damage to each enemy member.",
    "name": "Bomb Zombie",
    "type": "Members",
    "faction": "Zombie",
    "rarity": "Rare",
    "cost": "4",
    "level": "8",
    "exp": "110",
    "foil": "Regular",
    "attack": "11",
    "armor": "0",
    "honor points": "2200",
    "source": "All"
  }
]