[
  {
    "image": "https://lb2nastorage-hk-cdn-endpoint.azureedge.net/nft-image/bin/nft/ol/20101.png",
    "salePrice": "15.98 USDT",
    "desc": "Lose Armor → Gain Power equal to the lost Armor.",
    "name": "Radiant Dragon",
    "type": "Members",
    "faction": "Dragon",
    "rarity": "Legendary",
    "cost": "7",
    "level": "1",
    "exp": "1",
    "foil": "Regular",
    "attack": "10",
    "armor": "10",
    "honor points": "500",
    "source": "Alchemy"
  },
  {
    "image": "https://lb2nastorage-hk-cdn-endpoint.azureedge.net/nft-image/bin/nft/ol/20101.png",
    "salePrice": "200 USDT",
    "desc": "Lose Armor → Gain Power equal to the lost Armor.",
    "name": "Radiant Dragon",
    "type": "Members",
    "faction": "Dragon",
    "rarity": "Legendary",
    "cost": "7",
    "level": "6",
    "exp": "11",
    "foil": "Regular",
    "attack": "15",
    "armor": "15",
    "honor points": "5500",
    "source": "Alchemy"
  }
]