[
  {
    "image": "https://lb2nastorage-hk-cdn-endpoint.azureedge.net/nft-image/bin/nft/ol/20061_g.png",
    "salePrice": "0.035 USDT",
    "desc": "None",
    "name": "Poison Mushroom(Gold)",
    "type": "Members",
    "faction": "Plant",
    "rarity": "Common",
    "cost": "1",
    "level": "1",
    "exp": "1",
    "foil": "Gold",
    "attack": "3",
    "armor": "0",
    "honor points": "50",
    "source": "All"
  },
  {
    "image": "https://lb2nastorage-hk-cdn-endpoint.azureedge.net/nft-image/bin/nft/ol/20061_g.png",
    "salePrice": "0.2 USDT",
    "desc": "None",
    "name": "Poison Mushroom(Gold)",
    "type": "Members",
    "faction": "Plant",
    "rarity": "Common",
    "cost": "1",
    "level": "2",
    "exp": "4",
    "foil": "Gold",
    "attack": "3",
    "armor": "1",
    "honor points": "200",
    "source": "All"
  },
  {
    "image": "https://lb2nastorage-hk-cdn-endpoint.azureedge.net/nft-image/bin/nft/ol/20061_g.png",
    "salePrice": "0.48 USDT",
    "desc": "None",
    "name": "Poison Mushroom(Gold)",
    "type": "Members",
    "faction": "Plant",
    "rarity": "Common",
    "cost": "1",
    "level": "3",
    "exp": "10",
    "foil": "Gold",
    "attack": "3",
    "armor": "2",
    "honor points": "500",
    "source": "All"
  },
  {
    "image": "https://lb2nastorage-hk-cdn-endpoint.azureedge.net/nft-image/bin/nft/ol/20061_g.png",
    "salePrice": "1.12 USDT",
    "desc": "None",
    "name": "Poison Mushroom(Gold)",
    "type": "Members",
    "faction": "Plant",
    "rarity": "Common",
    "cost": "1",
    "level": "4",
    "exp": "20",
    "foil": "Gold",
    "attack": "3",
    "armor": "3",
    "honor points": "1000",
    "source": "All"
  },
  {
    "image": "https://lb2nastorage-hk-cdn-endpoint.azureedge.net/nft-image/bin/nft/ol/20061_g.png",
    "salePrice": "0.884 USDT",
    "desc": "None",
    "name": "Poison Mushroom(Gold)",
    "type": "Members",
    "faction": "Plant",
    "rarity": "Common",
    "cost": "1",
    "level": "5",
    "exp": "26",
    "foil": "Gold",
    "attack": "3",
    "armor": "4",
    "honor points": "1300",
    "source": "All"
  }
]