[
  {
    "image": "https://lb2nastorage-hk-cdn-endpoint.azureedge.net/nft-image/bin/nft/ol/10017.png",
    "salePrice": "0.004 USDT",
    "desc": "Start of battle → all friendly members gain +1 Power.",
    "name": "Naughty Dragon",
    "type": "Leaders",
    "faction": "Dragon",
    "rarity": "Common",
    "cost": "0",
    "level": "1",
    "exp": "1",
    "foil": "Regular",
    "attack": "0",
    "armor": "0",
    "honor points": "5",
    "source": "All"
  },
  {
    "image": "https://lb2nastorage-hk-cdn-endpoint.azureedge.net/nft-image/bin/nft/ol/10017.png",
    "salePrice": "0.02 USDT",
    "desc": "Start of battle → all friendly members gain +1 Power.",
    "name": "Naughty Dragon",
    "type": "Leaders",
    "faction": "Dragon",
    "rarity": "Common",
    "cost": "0",
    "level": "2",
    "exp": "5",
    "foil": "Regular",
    "attack": "0",
    "armor": "0",
    "honor points": "25",
    "source": "All"
  },
  {
    "image": "https://lb2nastorage-hk-cdn-endpoint.azureedge.net/nft-image/bin/nft/ol/10017.png",
    "salePrice": "0.116 USDT",
    "desc": "Start of battle → all friendly members gain +1 Power.",
    "name": "Naughty Dragon",
    "type": "Leaders",
    "faction": "Dragon",
    "rarity": "Common",
    "cost": "0",
    "level": "3",
    "exp": "29",
    "foil": "Regular",
    "attack": "0",
    "armor": "0",
    "honor points": "145",
    "source": "All"
  }
]