[
  {
    "image": "https://lb2nastorage-hk-cdn-endpoint.azureedge.net/nft-image/bin/nft/ol/20067_g.png",
    "salePrice": "0.5 USDT",
    "desc": "Hurt → deal 2 to 4 damage to the enemy member with the highest Power.",
    "name": "Pineapple(Gold)",
    "type": "Members",
    "faction": "Plant",
    "rarity": "Rare",
    "cost": "4",
    "level": "1",
    "exp": "1",
    "foil": "Gold",
    "attack": "2",
    "armor": "10",
    "honor points": "200",
    "source": "All"
  },
  {
    "image": "https://lb2nastorage-hk-cdn-endpoint.azureedge.net/nft-image/bin/nft/ol/20067_g.png",
    "salePrice": "3.12 USDT",
    "desc": "Hurt → deal 3 to 5 damage to the enemy member with the highest Power.",
    "name": "Pineapple(Gold)",
    "type": "Members",
    "faction": "Plant",
    "rarity": "Rare",
    "cost": "4",
    "level": "3",
    "exp": "6",
    "foil": "Gold",
    "attack": "4",
    "armor": "10",
    "honor points": "1200",
    "source": "All"
  },
  {
    "image": "https://lb2nastorage-hk-cdn-endpoint.azureedge.net/nft-image/bin/nft/ol/20067_g.png",
    "salePrice": "5.5 USDT",
    "desc": "Hurt → deal 3 to 5 damage to the enemy member with the highest Power.",
    "name": "Pineapple(Gold)",
    "type": "Members",
    "faction": "Plant",
    "rarity": "Rare",
    "cost": "4",
    "level": "4",
    "exp": "12",
    "foil": "Gold",
    "attack": "5",
    "armor": "10",
    "honor points": "2400",
    "source": "All"
  },
  {
    "image": "https://lb2nastorage-hk-cdn-endpoint.azureedge.net/nft-image/bin/nft/ol/20067_g.png",
    "salePrice": "7.11 USDT",
    "desc": "Hurt → deal 4 to 6 damage to the enemy member with the highest Power.",
    "name": "Pineapple(Gold)",
    "type": "Members",
    "faction": "Plant",
    "rarity": "Rare",
    "cost": "4",
    "level": "5",
    "exp": "15",
    "foil": "Gold",
    "attack": "6",
    "armor": "10",
    "honor points": "3000",
    "source": "All"
  },
  {
    "image": "https://lb2nastorage-hk-cdn-endpoint.azureedge.net/nft-image/bin/nft/ol/20067_g.png",
    "salePrice": "12.6 USDT",
    "desc": "Hurt → deal 4 to 6 damage to the enemy member with the highest Power.",
    "name": "Pineapple(Gold)",
    "type": "Members",
    "faction": "Plant",
    "rarity": "Rare",
    "cost": "4",
    "level": "6",
    "exp": "21",
    "foil": "Gold",
    "attack": "7",
    "armor": "10",
    "honor points": "4200",
    "source": "All"
  }
]