[
  {
    "image": "https://lb2nastorage-hk-cdn-endpoint.azureedge.net/nft-image/bin/nft/ol/20002_g.png",
    "salePrice": "25 USDT",
    "desc": "Friendly  Zombie members inflict skill damage → Increase damage by 2.",
    "name": "Pirate Zombie(Gold)",
    "type": "Members",
    "faction": "Zombie",
    "rarity": "Epic",
    "cost": "5",
    "level": "1",
    "exp": "1",
    "foil": "Gold",
    "attack": "10",
    "armor": "0",
    "honor points": "1000",
    "source": "Ladder Chest"
  },
  {
    "image": "https://lb2nastorage-hk-cdn-endpoint.azureedge.net/nft-image/bin/nft/ol/20002_g.png",
    "salePrice": "275 USDT",
    "desc": "Friendly  Zombie members inflict skill damage → Increase damage by 4.",
    "name": "Pirate Zombie(Gold)",
    "type": "Members",
    "faction": "Zombie",
    "rarity": "Epic",
    "cost": "5",
    "level": "5",
    "exp": "11",
    "foil": "Gold",
    "attack": "14",
    "armor": "0",
    "honor points": "11000",
    "source": "Ladder Chest"
  }
]