[
  {
    "image": "https://lb2nastorage-hk-cdn-endpoint.azureedge.net/nft-image/bin/nft/ol/20085.png",
    "salePrice": "0.004 USDT",
    "desc": "None",
    "name": "Sturdy Bot",
    "type": "Members",
    "faction": "Mech",
    "rarity": "Common",
    "cost": "1",
    "level": "1",
    "exp": "1",
    "foil": "Regular",
    "attack": "4",
    "armor": "0",
    "honor points": "5",
    "source": "All"
  },
  {
    "image": "https://lb2nastorage-hk-cdn-endpoint.azureedge.net/nft-image/bin/nft/ol/20085.png",
    "salePrice": "0.02 USDT",
    "desc": "None",
    "name": "Sturdy Bot",
    "type": "Members",
    "faction": "Mech",
    "rarity": "Common",
    "cost": "1",
    "level": "2",
    "exp": "5",
    "foil": "Regular",
    "attack": "4",
    "armor": "1",
    "honor points": "25",
    "source": "All"
  },
  {
    "image": "https://lb2nastorage-hk-cdn-endpoint.azureedge.net/nft-image/bin/nft/ol/20085.png",
    "salePrice": "0.128 USDT",
    "desc": "None",
    "name": "Sturdy Bot",
    "type": "Members",
    "faction": "Mech",
    "rarity": "Common",
    "cost": "1",
    "level": "3",
    "exp": "16",
    "foil": "Regular",
    "attack": "4",
    "armor": "2",
    "honor points": "80",
    "source": "All"
  },
  {
    "image": "https://lb2nastorage-hk-cdn-endpoint.azureedge.net/nft-image/bin/nft/ol/20085.png",
    "salePrice": "0.121 USDT",
    "desc": "None",
    "name": "Sturdy Bot",
    "type": "Members",
    "faction": "Mech",
    "rarity": "Common",
    "cost": "1",
    "level": "4",
    "exp": "31",
    "foil": "Regular",
    "attack": "4",
    "armor": "3",
    "honor points": "155",
    "source": "All"
  }
]