[
  {
    "image": "https://lb2nastorage-hk-cdn-endpoint.azureedge.net/nft-image/bin/nft/ol/20148.png",
    "salePrice": "19.778 USDT",
    "desc": "Hurt → give 2 random friendly Animal members +2 to 4 Armor. If the targets already have Armor, then give them additionally +1 Power.",
    "name": "Crab Daddy",
    "type": "Members",
    "faction": "Animal",
    "rarity": "Epic",
    "cost": "4",
    "level": "1",
    "exp": "1",
    "foil": "Regular",
    "attack": "5",
    "armor": "12",
    "honor points": "100",
    "source": "Reward"
  },
  {
    "image": "https://lb2nastorage-hk-cdn-endpoint.azureedge.net/nft-image/bin/nft/ol/20148.png",
    "salePrice": "72 USDT",
    "desc": "Hurt → give 2 random friendly Animal members +3 to 5 Armor. If the targets already have Armor, then give them additionally +1 Power.",
    "name": "Crab Daddy",
    "type": "Members",
    "faction": "Animal",
    "rarity": "Epic",
    "cost": "4",
    "level": "3",
    "exp": "6",
    "foil": "Regular",
    "attack": "7",
    "armor": "16",
    "honor points": "600",
    "source": "Reward"
  },
  {
    "image": "https://lb2nastorage-hk-cdn-endpoint.azureedge.net/nft-image/bin/nft/ol/20148.png",
    "salePrice": "256 USDT",
    "desc": "Hurt → give 2 random friendly Animal members +4 to 6 Armor. If the targets already have Armor, then give them additionally +1 Power.",
    "name": "Crab Daddy",
    "type": "Members",
    "faction": "Animal",
    "rarity": "Epic",
    "cost": "4",
    "level": "5",
    "exp": "16",
    "foil": "Regular",
    "attack": "9",
    "armor": "20",
    "honor points": "1600",
    "source": "Reward"
  }
]