[
  {
    "image": "https://lb2nastorage-hk-cdn-endpoint.azureedge.net/nft-image/bin/nft/ol/20041_g.png",
    "salePrice": "0.039 USDT",
    "desc": "None",
    "name": "Hardshell Nut(Gold)",
    "type": "Members",
    "faction": "Plant",
    "rarity": "Common",
    "cost": "3",
    "level": "1",
    "exp": "1",
    "foil": "Gold",
    "attack": "3",
    "armor": "8",
    "honor points": "50",
    "source": "All"
  },
  {
    "image": "https://lb2nastorage-hk-cdn-endpoint.azureedge.net/nft-image/bin/nft/ol/20041_g.png",
    "salePrice": "0.22 USDT",
    "desc": "None",
    "name": "Hardshell Nut(Gold)",
    "type": "Members",
    "faction": "Plant",
    "rarity": "Common",
    "cost": "3",
    "level": "2",
    "exp": "5",
    "foil": "Gold",
    "attack": "4",
    "armor": "8",
    "honor points": "250",
    "source": "All"
  },
  {
    "image": "https://lb2nastorage-hk-cdn-endpoint.azureedge.net/nft-image/bin/nft/ol/20041_g.png",
    "salePrice": "0.351 USDT",
    "desc": "None",
    "name": "Hardshell Nut(Gold)",
    "type": "Members",
    "faction": "Plant",
    "rarity": "Common",
    "cost": "3",
    "level": "3",
    "exp": "9",
    "foil": "Gold",
    "attack": "5",
    "armor": "8",
    "honor points": "450",
    "source": "All"
  },
  {
    "image": "https://lb2nastorage-hk-cdn-endpoint.azureedge.net/nft-image/bin/nft/ol/20041_g.png",
    "salePrice": "0.946 USDT",
    "desc": "None",
    "name": "Hardshell Nut(Gold)",
    "type": "Members",
    "faction": "Plant",
    "rarity": "Common",
    "cost": "3",
    "level": "4",
    "exp": "22",
    "foil": "Gold",
    "attack": "6",
    "armor": "8",
    "honor points": "1100",
    "source": "All"
  },
  {
    "image": "https://lb2nastorage-hk-cdn-endpoint.azureedge.net/nft-image/bin/nft/ol/20041_g.png",
    "salePrice": "1.716 USDT",
    "desc": "None",
    "name": "Hardshell Nut(Gold)",
    "type": "Members",
    "faction": "Plant",
    "rarity": "Common",
    "cost": "3",
    "level": "6",
    "exp": "44",
    "foil": "Gold",
    "attack": "8",
    "armor": "8",
    "honor points": "2200",
    "source": "All"
  }
]