[
  {
    "image": "https://lb2nastorage-hk-cdn-endpoint.azureedge.net/nft-image/bin/nft/ol/20017.png",
    "salePrice": "0.95 USDT",
    "desc": "Hurt → Give +1 Armor to all friendly Plant members.",
    "name": "Pumpkin",
    "type": "Members",
    "faction": "Plant",
    "rarity": "Legendary",
    "cost": "4",
    "level": "1",
    "exp": "1",
    "foil": "Regular",
    "attack": "6",
    "armor": "10",
    "honor points": "500",
    "source": "Ahoy Box"
  },
  {
    "image": "https://lb2nastorage-hk-cdn-endpoint.azureedge.net/nft-image/bin/nft/ol/20017.png",
    "salePrice": "1.9 USDT",
    "desc": "Hurt → Give +1 Armor to all friendly Plant members.",
    "name": "Pumpkin",
    "type": "Members",
    "faction": "Plant",
    "rarity": "Legendary",
    "cost": "4",
    "level": "2",
    "exp": "2",
    "foil": "Regular",
    "attack": "7",
    "armor": "11",
    "honor points": "1000",
    "source": "Ahoy Box"
  },
  {
    "image": "https://lb2nastorage-hk-cdn-endpoint.azureedge.net/nft-image/bin/nft/ol/20017.png",
    "salePrice": "3.6 USDT",
    "desc": "Hurt → Give +2 Armor to all friendly Plant members.",
    "name": "Pumpkin",
    "type": "Members",
    "faction": "Plant",
    "rarity": "Legendary",
    "cost": "4",
    "level": "3",
    "exp": "4",
    "foil": "Regular",
    "attack": "8",
    "armor": "12",
    "honor points": "2000",
    "source": "Ahoy Box"
  },
  {
    "image": "https://lb2nastorage-hk-cdn-endpoint.azureedge.net/nft-image/bin/nft/ol/20017.png",
    "salePrice": "5.7 USDT",
    "desc": "Hurt → Give +2 Armor to all friendly Plant members.",
    "name": "Pumpkin",
    "type": "Members",
    "faction": "Plant",
    "rarity": "Legendary",
    "cost": "4",
    "level": "4",
    "exp": "6",
    "foil": "Regular",
    "attack": "9",
    "armor": "13",
    "honor points": "3000",
    "source": "Ahoy Box"
  },
  {
    "image": "https://lb2nastorage-hk-cdn-endpoint.azureedge.net/nft-image/bin/nft/ol/20017.png",
    "salePrice": "5.92 USDT",
    "desc": "Hurt → Give +3 Armor to all friendly Plant members.",
    "name": "Pumpkin",
    "type": "Members",
    "faction": "Plant",
    "rarity": "Legendary",
    "cost": "4",
    "level": "5",
    "exp": "8",
    "foil": "Regular",
    "attack": "10",
    "armor": "14",
    "honor points": "4000",
    "source": "Ahoy Box"
  },
  {
    "image": "https://lb2nastorage-hk-cdn-endpoint.azureedge.net/nft-image/bin/nft/ol/20017.png",
    "salePrice": "14.88 USDT",
    "desc": "Hurt → Give +3 Armor to all friendly Plant members.",
    "name": "Pumpkin",
    "type": "Members",
    "faction": "Plant",
    "rarity": "Legendary",
    "cost": "4",
    "level": "7",
    "exp": "16",
    "foil": "Regular",
    "attack": "12",
    "armor": "16",
    "honor points": "8000",
    "source": "Ahoy Box"
  },
  {
    "image": "https://lb2nastorage-hk-cdn-endpoint.azureedge.net/nft-image/bin/nft/ol/20017.png",
    "salePrice": "14.4 USDT",
    "desc": "Hurt → Give +3 Armor to all friendly Plant members.",
    "name": "Pumpkin",
    "type": "Members",
    "faction": "Plant",
    "rarity": "Legendary",
    "cost": "4",
    "level": "8",
    "exp": "18",
    "foil": "Regular",
    "attack": "13",
    "armor": "17",
    "honor points": "9000",
    "source": "Ahoy Box"
  }
]