[
  {
    "image": "https://lb2nastorage-hk-cdn-endpoint.azureedge.net/nft-image/bin/nft/ol/20038.png",
    "salePrice": "0.004 USDT",
    "desc": "Knocked out → deal 2 to 3 damage to 1 enemy member(s).",
    "name": "Sailor Zombie",
    "type": "Members",
    "faction": "Zombie",
    "rarity": "Common",
    "cost": "1",
    "level": "1",
    "exp": "1",
    "foil": "Regular",
    "attack": "2",
    "armor": "0",
    "honor points": "5",
    "source": "All"
  },
  {
    "image": "https://lb2nastorage-hk-cdn-endpoint.azureedge.net/nft-image/bin/nft/ol/20038.png",
    "salePrice": "0.02 USDT",
    "desc": "Knocked out → deal 2 to 4 damage to 1 enemy member(s).",
    "name": "Sailor Zombie",
    "type": "Members",
    "faction": "Zombie",
    "rarity": "Common",
    "cost": "1",
    "level": "2",
    "exp": "5",
    "foil": "Regular",
    "attack": "2",
    "armor": "0",
    "honor points": "25",
    "source": "All"
  },
  {
    "image": "https://lb2nastorage-hk-cdn-endpoint.azureedge.net/nft-image/bin/nft/ol/20038.png",
    "salePrice": "0.06 USDT",
    "desc": "Knocked out → deal 3 to 4 damage to 1 enemy member(s).",
    "name": "Sailor Zombie",
    "type": "Members",
    "faction": "Zombie",
    "rarity": "Common",
    "cost": "1",
    "level": "3",
    "exp": "15",
    "foil": "Regular",
    "attack": "2",
    "armor": "0",
    "honor points": "75",
    "source": "All"
  },
  {
    "image": "https://lb2nastorage-hk-cdn-endpoint.azureedge.net/nft-image/bin/nft/ol/20038.png",
    "salePrice": "0.24 USDT",
    "desc": "Knocked out → deal 3 to 5 damage to 1 enemy member(s).",
    "name": "Sailor Zombie",
    "type": "Members",
    "faction": "Zombie",
    "rarity": "Common",
    "cost": "1",
    "level": "4",
    "exp": "30",
    "foil": "Regular",
    "attack": "2",
    "armor": "0",
    "honor points": "150",
    "source": "All"
  },
  {
    "image": "https://lb2nastorage-hk-cdn-endpoint.azureedge.net/nft-image/bin/nft/ol/20038.png",
    "salePrice": "0.352 USDT",
    "desc": "Knocked out → deal 4 to 5 damage to 1 enemy member(s).",
    "name": "Sailor Zombie",
    "type": "Members",
    "faction": "Zombie",
    "rarity": "Common",
    "cost": "1",
    "level": "5",
    "exp": "88",
    "foil": "Regular",
    "attack": "2",
    "armor": "0",
    "honor points": "440",
    "source": "All"
  },
  {
    "image": "https://lb2nastorage-hk-cdn-endpoint.azureedge.net/nft-image/bin/nft/ol/20038.png",
    "salePrice": "1.48 USDT",
    "desc": "Knocked out → deal 7 to 9 damage to 1 enemy member(s).",
    "name": "Sailor Zombie",
    "type": "Members",
    "faction": "Zombie",
    "rarity": "Common",
    "cost": "1",
    "level": "9",
    "exp": "357",
    "foil": "Regular",
    "attack": "2",
    "armor": "0",
    "honor points": "1785",
    "source": "All"
  }
]