[
  {
    "image": "https://lb2nastorage-hk-cdn-endpoint.azureedge.net/nft-image/bin/nft/ol/20005_g.png",
    "salePrice": "4.9 USDT",
    "desc": "Start of battle → gain (the number of friendly <Death Whisper> members)X2 Power.",
    "name": "Star Zombie(Gold)",
    "type": "Members",
    "faction": "Zombie",
    "rarity": "Epic",
    "cost": "6",
    "level": "1",
    "exp": "1",
    "foil": "Gold",
    "attack": "11",
    "armor": "0",
    "honor points": "1000",
    "source": "Ahoy Box"
  },
  {
    "image": "https://lb2nastorage-hk-cdn-endpoint.azureedge.net/nft-image/bin/nft/ol/20005_g.png",
    "salePrice": "14 USDT",
    "desc": "Start of battle → gain (the number of friendly <Death Whisper> members)X2 Power.",
    "name": "Star Zombie(Gold)",
    "type": "Members",
    "faction": "Zombie",
    "rarity": "Epic",
    "cost": "6",
    "level": "2",
    "exp": "2",
    "foil": "Gold",
    "attack": "13",
    "armor": "0",
    "honor points": "2000",
    "source": "Ahoy Box"
  },
  {
    "image": "https://lb2nastorage-hk-cdn-endpoint.azureedge.net/nft-image/bin/nft/ol/20005_g.png",
    "salePrice": "18.8 USDT",
    "desc": "Start of battle → gain (the number of friendly <Death Whisper> members)X3 Power.",
    "name": "Star Zombie(Gold)",
    "type": "Members",
    "faction": "Zombie",
    "rarity": "Epic",
    "cost": "6",
    "level": "3",
    "exp": "4",
    "foil": "Gold",
    "attack": "15",
    "armor": "0",
    "honor points": "4000",
    "source": "Ahoy Box"
  },
  {
    "image": "https://lb2nastorage-hk-cdn-endpoint.azureedge.net/nft-image/bin/nft/ol/20005_g.png",
    "salePrice": "46.2 USDT",
    "desc": "Start of battle → gain (the number of friendly <Death Whisper> members)X4 Power.",
    "name": "Star Zombie(Gold)",
    "type": "Members",
    "faction": "Zombie",
    "rarity": "Epic",
    "cost": "6",
    "level": "5",
    "exp": "11",
    "foil": "Gold",
    "attack": "19",
    "armor": "0",
    "honor points": "11000",
    "source": "Ahoy Box"
  },
  {
    "image": "https://lb2nastorage-hk-cdn-endpoint.azureedge.net/nft-image/bin/nft/ol/20005_g.png",
    "salePrice": "150 USDT",
    "desc": "Start of battle → gain (the number of friendly <Death Whisper> members)X5 Power.",
    "name": "Star Zombie(Gold)",
    "type": "Members",
    "faction": "Zombie",
    "rarity": "Epic",
    "cost": "6",
    "level": "8",
    "exp": "25",
    "foil": "Gold",
    "attack": "25",
    "armor": "0",
    "honor points": "25000",
    "source": "Ahoy Box"
  }
]