[
  {
    "image": "https://lb2nastorage-hk-cdn-endpoint.azureedge.net/nft-image/bin/nft/ol/20048.png",
    "salePrice": "49.989 USDT",
    "desc": "Attack and survive → give +1 Power to all friendly Animal members.",
    "name": "Wolf King",
    "type": "Members",
    "faction": "Animal",
    "rarity": "Legendary",
    "cost": "5",
    "level": "1",
    "exp": "1",
    "foil": "Regular",
    "attack": "13",
    "armor": "0",
    "honor points": "500",
    "source": "Alchemy"
  },
  {
    "image": "https://lb2nastorage-hk-cdn-endpoint.azureedge.net/nft-image/bin/nft/ol/20048.png",
    "salePrice": "440 USDT",
    "desc": "Attack and survive → give +3 Power to all friendly Animal members.",
    "name": "Wolf King",
    "type": "Members",
    "faction": "Animal",
    "rarity": "Legendary",
    "cost": "5",
    "level": "5",
    "exp": "8",
    "foil": "Regular",
    "attack": "21",
    "armor": "0",
    "honor points": "4000",
    "source": "Alchemy"
  }
]