[
  {
    "image": "https://lb2nastorage-hk-cdn-endpoint.azureedge.net/nft-image/bin/nft/ol/20008_g.png",
    "salePrice": "1.15 USDT",
    "desc": "Attack and survive → Deal 3 to 5 damage to the enemy member with highest Power.",
    "name": "Rocket(Gold)",
    "type": "Members",
    "faction": "Neutral",
    "rarity": "Epic",
    "cost": "5",
    "level": "1",
    "exp": "1",
    "foil": "Gold",
    "attack": "10",
    "armor": "0",
    "honor points": "1000",
    "source": "Ahoy Box"
  },
  {
    "image": "https://lb2nastorage-hk-cdn-endpoint.azureedge.net/nft-image/bin/nft/ol/20008_g.png",
    "salePrice": "3.8 USDT",
    "desc": "Attack and survive → Deal 3 to 5 damage to the enemy member with highest Power.",
    "name": "Rocket(Gold)",
    "type": "Members",
    "faction": "Neutral",
    "rarity": "Epic",
    "cost": "5",
    "level": "2",
    "exp": "2",
    "foil": "Gold",
    "attack": "11",
    "armor": "0",
    "honor points": "2000",
    "source": "Ahoy Box"
  },
  {
    "image": "https://lb2nastorage-hk-cdn-endpoint.azureedge.net/nft-image/bin/nft/ol/20008_g.png",
    "salePrice": "5.52 USDT",
    "desc": "Attack and survive → Deal 4 to 6 damage to the enemy member with highest Power.",
    "name": "Rocket(Gold)",
    "type": "Members",
    "faction": "Neutral",
    "rarity": "Epic",
    "cost": "5",
    "level": "3",
    "exp": "4",
    "foil": "Gold",
    "attack": "12",
    "armor": "0",
    "honor points": "4000",
    "source": "Ahoy Box"
  },
  {
    "image": "https://lb2nastorage-hk-cdn-endpoint.azureedge.net/nft-image/bin/nft/ol/20008_g.png",
    "salePrice": "13.972 USDT",
    "desc": "Attack and survive → Deal 4 to 6 damage to the enemy member with highest Power.",
    "name": "Rocket(Gold)",
    "type": "Members",
    "faction": "Neutral",
    "rarity": "Epic",
    "cost": "5",
    "level": "4",
    "exp": "7",
    "foil": "Gold",
    "attack": "13",
    "armor": "0",
    "honor points": "7000",
    "source": "Ahoy Box"
  }
]