[
  {
    "image": "https://lb2nastorage-hk-cdn-endpoint.azureedge.net/nft-image/bin/nft/ol/20055.png",
    "salePrice": "0.02 USDT",
    "desc": "None",
    "name": "Cannon",
    "type": "Members",
    "faction": "Neutral",
    "rarity": "Common",
    "cost": "7",
    "level": "1",
    "exp": "1",
    "foil": "Regular",
    "attack": "15",
    "armor": "0",
    "honor points": "5",
    "source": "All"
  },
  {
    "image": "https://lb2nastorage-hk-cdn-endpoint.azureedge.net/nft-image/bin/nft/ol/20055.png",
    "salePrice": "0.14 USDT",
    "desc": "None",
    "name": "Cannon",
    "type": "Members",
    "faction": "Neutral",
    "rarity": "Common",
    "cost": "7",
    "level": "2",
    "exp": "5",
    "foil": "Regular",
    "attack": "17",
    "armor": "0",
    "honor points": "25",
    "source": "All"
  },
  {
    "image": "https://lb2nastorage-hk-cdn-endpoint.azureedge.net/nft-image/bin/nft/ol/20055.png",
    "salePrice": "0.431 USDT",
    "desc": "None",
    "name": "Cannon",
    "type": "Members",
    "faction": "Neutral",
    "rarity": "Common",
    "cost": "7",
    "level": "3",
    "exp": "16",
    "foil": "Regular",
    "attack": "19",
    "armor": "0",
    "honor points": "80",
    "source": "All"
  },
  {
    "image": "https://lb2nastorage-hk-cdn-endpoint.azureedge.net/nft-image/bin/nft/ol/20055.png",
    "salePrice": "0.8 USDT",
    "desc": "None",
    "name": "Cannon",
    "type": "Members",
    "faction": "Neutral",
    "rarity": "Common",
    "cost": "7",
    "level": "4",
    "exp": "30",
    "foil": "Regular",
    "attack": "21",
    "armor": "0",
    "honor points": "150",
    "source": "All"
  },
  {
    "image": "https://lb2nastorage-hk-cdn-endpoint.azureedge.net/nft-image/bin/nft/ol/20055.png",
    "salePrice": "1.62 USDT",
    "desc": "None",
    "name": "Cannon",
    "type": "Members",
    "faction": "Neutral",
    "rarity": "Common",
    "cost": "7",
    "level": "5",
    "exp": "60",
    "foil": "Regular",
    "attack": "23",
    "armor": "0",
    "honor points": "300",
    "source": "All"
  }
]