[
  {
    "image": "https://lb2nastorage-hk-cdn-endpoint.azureedge.net/nft-image/bin/nft/ol/20031.png",
    "salePrice": "0.004 USDT",
    "desc": "None",
    "name": "Broom",
    "type": "Members",
    "faction": "Neutral",
    "rarity": "Common",
    "cost": "3",
    "level": "1",
    "exp": "1",
    "foil": "Regular",
    "attack": "7",
    "armor": "0",
    "honor points": "5",
    "source": "All"
  },
  {
    "image": "https://lb2nastorage-hk-cdn-endpoint.azureedge.net/nft-image/bin/nft/ol/20031.png",
    "salePrice": "0.025 USDT",
    "desc": "None",
    "name": "Broom",
    "type": "Members",
    "faction": "Neutral",
    "rarity": "Common",
    "cost": "3",
    "level": "2",
    "exp": "7",
    "foil": "Regular",
    "attack": "8",
    "armor": "0",
    "honor points": "35",
    "source": "All"
  },
  {
    "image": "https://lb2nastorage-hk-cdn-endpoint.azureedge.net/nft-image/bin/nft/ol/20031.png",
    "salePrice": "0.05 USDT",
    "desc": "None",
    "name": "Broom",
    "type": "Members",
    "faction": "Neutral",
    "rarity": "Common",
    "cost": "3",
    "level": "3",
    "exp": "15",
    "foil": "Regular",
    "attack": "9",
    "armor": "0",
    "honor points": "75",
    "source": "All"
  },
  {
    "image": "https://lb2nastorage-hk-cdn-endpoint.azureedge.net/nft-image/bin/nft/ol/20031.png",
    "salePrice": "0.13 USDT",
    "desc": "None",
    "name": "Broom",
    "type": "Members",
    "faction": "Neutral",
    "rarity": "Common",
    "cost": "3",
    "level": "4",
    "exp": "37",
    "foil": "Regular",
    "attack": "10",
    "armor": "0",
    "honor points": "185",
    "source": "All"
  },
  {
    "image": "https://lb2nastorage-hk-cdn-endpoint.azureedge.net/nft-image/bin/nft/ol/20031.png",
    "salePrice": "0.296 USDT",
    "desc": "None",
    "name": "Broom",
    "type": "Members",
    "faction": "Neutral",
    "rarity": "Common",
    "cost": "3",
    "level": "5",
    "exp": "74",
    "foil": "Regular",
    "attack": "11",
    "armor": "0",
    "honor points": "370",
    "source": "All"
  },
  {
    "image": "https://lb2nastorage-hk-cdn-endpoint.azureedge.net/nft-image/bin/nft/ol/20031.png",
    "salePrice": "1.24 USDT",
    "desc": "None",
    "name": "Broom",
    "type": "Members",
    "faction": "Neutral",
    "rarity": "Common",
    "cost": "3",
    "level": "9",
    "exp": "310",
    "foil": "Regular",
    "attack": "15",
    "armor": "0",
    "honor points": "1550",
    "source": "All"
  }
]