[
  {
    "image": "https://lb2nastorage-hk-cdn-endpoint.azureedge.net/nft-image/bin/nft/ol/20011.png",
    "salePrice": "39.99 USDT",
    "desc": "Attack and survive → Give +6 Power to the friendly member with highest Power.",
    "name": "Master Panda",
    "type": "Members",
    "faction": "Animal",
    "rarity": "Legendary",
    "cost": "7",
    "level": "1",
    "exp": "1",
    "foil": "Regular",
    "attack": "16",
    "armor": "6",
    "honor points": "500",
    "source": "Ladder Chest"
  },
  {
    "image": "https://lb2nastorage-hk-cdn-endpoint.azureedge.net/nft-image/bin/nft/ol/20011.png",
    "salePrice": "300 USDT",
    "desc": "Attack and survive → Give +10 Power to the friendly member with highest Power.",
    "name": "Master Panda",
    "type": "Members",
    "faction": "Animal",
    "rarity": "Legendary",
    "cost": "7",
    "level": "5",
    "exp": "8",
    "foil": "Regular",
    "attack": "24",
    "armor": "10",
    "honor points": "4000",
    "source": "Ladder Chest"
  }
]