[
  {
    "image": "https://lb2nastorage-hk-cdn-endpoint.azureedge.net/nft-image/bin/nft/ol/20034.png",
    "salePrice": "0.004 USDT",
    "desc": "None",
    "name": "Apple",
    "type": "Members",
    "faction": "Plant",
    "rarity": "Common",
    "cost": "2",
    "level": "1",
    "exp": "1",
    "foil": "Regular",
    "attack": "5",
    "armor": "0",
    "honor points": "5",
    "source": "All"
  },
  {
    "image": "https://lb2nastorage-hk-cdn-endpoint.azureedge.net/nft-image/bin/nft/ol/20034.png",
    "salePrice": "0.036 USDT",
    "desc": "None",
    "name": "Apple",
    "type": "Members",
    "faction": "Plant",
    "rarity": "Common",
    "cost": "2",
    "level": "2",
    "exp": "10",
    "foil": "Regular",
    "attack": "5",
    "armor": "1",
    "honor points": "50",
    "source": "All"
  },
  {
    "image": "https://lb2nastorage-hk-cdn-endpoint.azureedge.net/nft-image/bin/nft/ol/20034.png",
    "salePrice": "0.075 USDT",
    "desc": "None",
    "name": "Apple",
    "type": "Members",
    "faction": "Plant",
    "rarity": "Common",
    "cost": "2",
    "level": "3",
    "exp": "15",
    "foil": "Regular",
    "attack": "5",
    "armor": "2",
    "honor points": "75",
    "source": "All"
  },
  {
    "image": "https://lb2nastorage-hk-cdn-endpoint.azureedge.net/nft-image/bin/nft/ol/20034.png",
    "salePrice": "0.15 USDT",
    "desc": "None",
    "name": "Apple",
    "type": "Members",
    "faction": "Plant",
    "rarity": "Common",
    "cost": "2",
    "level": "4",
    "exp": "30",
    "foil": "Regular",
    "attack": "5",
    "armor": "3",
    "honor points": "150",
    "source": "All"
  },
  {
    "image": "https://lb2nastorage-hk-cdn-endpoint.azureedge.net/nft-image/bin/nft/ol/20034.png",
    "salePrice": "0.24 USDT",
    "desc": "None",
    "name": "Apple",
    "type": "Members",
    "faction": "Plant",
    "rarity": "Common",
    "cost": "2",
    "level": "5",
    "exp": "60",
    "foil": "Regular",
    "attack": "5",
    "armor": "4",
    "honor points": "300",
    "source": "All"
  }
]