[
  {
    "image": "https://lb2nastorage-hk-cdn-endpoint.azureedge.net/nft-image/bin/nft/ol/20006.png",
    "salePrice": "0.09 USDT",
    "desc": "Start of battle → the first friendly member gain +3 Power.",
    "name": "Ammo Crate",
    "type": "Members",
    "faction": "Neutral",
    "rarity": "Epic",
    "cost": "2",
    "level": "1",
    "exp": "1",
    "foil": "Regular",
    "attack": "6",
    "armor": "0",
    "honor points": "100",
    "source": "Ahoy Box"
  },
  {
    "image": "https://lb2nastorage-hk-cdn-endpoint.azureedge.net/nft-image/bin/nft/ol/20006.png",
    "salePrice": "0.297 USDT",
    "desc": "Start of battle → the first friendly member gain +3 Power.",
    "name": "Ammo Crate",
    "type": "Members",
    "faction": "Neutral",
    "rarity": "Epic",
    "cost": "2",
    "level": "2",
    "exp": "3",
    "foil": "Regular",
    "attack": "7",
    "armor": "0",
    "honor points": "300",
    "source": "Ahoy Box"
  },
  {
    "image": "https://lb2nastorage-hk-cdn-endpoint.azureedge.net/nft-image/bin/nft/ol/20006.png",
    "salePrice": "0.692 USDT",
    "desc": "Start of battle → the first friendly member gain +4 Power.",
    "name": "Ammo Crate",
    "type": "Members",
    "faction": "Neutral",
    "rarity": "Epic",
    "cost": "2",
    "level": "3",
    "exp": "7",
    "foil": "Regular",
    "attack": "8",
    "armor": "0",
    "honor points": "700",
    "source": "Ahoy Box"
  },
  {
    "image": "https://lb2nastorage-hk-cdn-endpoint.azureedge.net/nft-image/bin/nft/ol/20006.png",
    "salePrice": "1.2 USDT",
    "desc": "Start of battle → the first friendly member gain +4 Power.",
    "name": "Ammo Crate",
    "type": "Members",
    "faction": "Neutral",
    "rarity": "Epic",
    "cost": "2",
    "level": "4",
    "exp": "10",
    "foil": "Regular",
    "attack": "9",
    "armor": "0",
    "honor points": "1000",
    "source": "Ahoy Box"
  },
  {
    "image": "https://lb2nastorage-hk-cdn-endpoint.azureedge.net/nft-image/bin/nft/ol/20006.png",
    "salePrice": "2.24 USDT",
    "desc": "Start of battle → the first friendly member gain +5 Power.",
    "name": "Ammo Crate",
    "type": "Members",
    "faction": "Neutral",
    "rarity": "Epic",
    "cost": "2",
    "level": "5",
    "exp": "16",
    "foil": "Regular",
    "attack": "10",
    "armor": "0",
    "honor points": "1600",
    "source": "Ahoy Box"
  },
  {
    "image": "https://lb2nastorage-hk-cdn-endpoint.azureedge.net/nft-image/bin/nft/ol/20006.png",
    "salePrice": "2.4 USDT",
    "desc": "Start of battle → the first friendly member gain +5 Power.",
    "name": "Ammo Crate",
    "type": "Members",
    "faction": "Neutral",
    "rarity": "Epic",
    "cost": "2",
    "level": "6",
    "exp": "24",
    "foil": "Regular",
    "attack": "11",
    "armor": "0",
    "honor points": "2400",
    "source": "Ahoy Box"
  },
  {
    "image": "https://lb2nastorage-hk-cdn-endpoint.azureedge.net/nft-image/bin/nft/ol/20006.png",
    "salePrice": "2.79 USDT",
    "desc": "Start of battle → the first friendly member gain +5 Power.",
    "name": "Ammo Crate",
    "type": "Members",
    "faction": "Neutral",
    "rarity": "Epic",
    "cost": "2",
    "level": "7",
    "exp": "31",
    "foil": "Regular",
    "attack": "12",
    "armor": "0",
    "honor points": "3100",
    "source": "Ahoy Box"
  }
]