[
  {
    "image": "https://lb2nastorage-hk-cdn-endpoint.azureedge.net/nft-image/bin/nft/ol/20013.png",
    "salePrice": "0.013 USDT",
    "desc": "None",
    "name": "Frying Pan",
    "type": "Members",
    "faction": "Neutral",
    "rarity": "Rare",
    "cost": "2",
    "level": "1",
    "exp": "1",
    "foil": "Regular",
    "attack": "5",
    "armor": "4",
    "honor points": "20",
    "source": "All"
  },
  {
    "image": "https://lb2nastorage-hk-cdn-endpoint.azureedge.net/nft-image/bin/nft/ol/20013.png",
    "salePrice": "0.06 USDT",
    "desc": "None",
    "name": "Frying Pan",
    "type": "Members",
    "faction": "Neutral",
    "rarity": "Rare",
    "cost": "2",
    "level": "2",
    "exp": "4",
    "foil": "Regular",
    "attack": "5",
    "armor": "6",
    "honor points": "80",
    "source": "All"
  },
  {
    "image": "https://lb2nastorage-hk-cdn-endpoint.azureedge.net/nft-image/bin/nft/ol/20013.png",
    "salePrice": "0.14 USDT",
    "desc": "None",
    "name": "Frying Pan",
    "type": "Members",
    "faction": "Neutral",
    "rarity": "Rare",
    "cost": "2",
    "level": "3",
    "exp": "10",
    "foil": "Regular",
    "attack": "5",
    "armor": "8",
    "honor points": "200",
    "source": "All"
  },
  {
    "image": "https://lb2nastorage-hk-cdn-endpoint.azureedge.net/nft-image/bin/nft/ol/20013.png",
    "salePrice": "0.4 USDT",
    "desc": "None",
    "name": "Frying Pan",
    "type": "Members",
    "faction": "Neutral",
    "rarity": "Rare",
    "cost": "2",
    "level": "4",
    "exp": "20",
    "foil": "Regular",
    "attack": "5",
    "armor": "10",
    "honor points": "400",
    "source": "All"
  },
  {
    "image": "https://lb2nastorage-hk-cdn-endpoint.azureedge.net/nft-image/bin/nft/ol/20013.png",
    "salePrice": "0.672 USDT",
    "desc": "None",
    "name": "Frying Pan",
    "type": "Members",
    "faction": "Neutral",
    "rarity": "Rare",
    "cost": "2",
    "level": "5",
    "exp": "48",
    "foil": "Regular",
    "attack": "5",
    "armor": "12",
    "honor points": "960",
    "source": "All"
  }
]