[
  {
    "image": "https://lb2nastorage-hk-cdn-endpoint.azureedge.net/nft-image/bin/nft/ol/10016.png",
    "salePrice": "0.008 USDT",
    "desc": "Start of battle → all friendly members gain +1 Power.",
    "name": "Mini Robot",
    "type": "Leaders",
    "faction": "Mech",
    "rarity": "Common",
    "cost": "0",
    "level": "1",
    "exp": "1",
    "foil": "Regular",
    "attack": "0",
    "armor": "0",
    "honor points": "5",
    "source": "All"
  },
  {
    "image": "https://lb2nastorage-hk-cdn-endpoint.azureedge.net/nft-image/bin/nft/ol/10016.png",
    "salePrice": "0.112 USDT",
    "desc": "Start of battle → all friendly members gain +1 Power.",
    "name": "Mini Robot",
    "type": "Leaders",
    "faction": "Mech",
    "rarity": "Common",
    "cost": "0",
    "level": "2",
    "exp": "14",
    "foil": "Regular",
    "attack": "0",
    "armor": "0",
    "honor points": "70",
    "source": "All"
  },
  {
    "image": "https://lb2nastorage-hk-cdn-endpoint.azureedge.net/nft-image/bin/nft/ol/10016.png",
    "salePrice": "0.12 USDT",
    "desc": "Start of battle → all friendly members gain +1 Power.",
    "name": "Mini Robot",
    "type": "Leaders",
    "faction": "Mech",
    "rarity": "Common",
    "cost": "0",
    "level": "3",
    "exp": "24",
    "foil": "Regular",
    "attack": "0",
    "armor": "0",
    "honor points": "120",
    "source": "All"
  }
]