[
  {
    "image": "https://lb2nastorage-hk-cdn-endpoint.azureedge.net/nft-image/bin/nft/ol/20090.png",
    "salePrice": "0.044 USDT",
    "desc": "Start of battle → Give +4 Power to the last friendly member.",
    "name": "Steel Dragon",
    "type": "Members",
    "faction": "Dragon",
    "rarity": "Rare",
    "cost": "4",
    "level": "1",
    "exp": "1",
    "foil": "Regular",
    "attack": "7",
    "armor": "0",
    "honor points": "20",
    "source": "All"
  },
  {
    "image": "https://lb2nastorage-hk-cdn-endpoint.azureedge.net/nft-image/bin/nft/ol/20090.png",
    "salePrice": "0.4 USDT",
    "desc": "Start of battle → Give +5 Power to the last friendly member.",
    "name": "Steel Dragon",
    "type": "Members",
    "faction": "Dragon",
    "rarity": "Rare",
    "cost": "4",
    "level": "3",
    "exp": "10",
    "foil": "Regular",
    "attack": "9",
    "armor": "0",
    "honor points": "200",
    "source": "All"
  },
  {
    "image": "https://lb2nastorage-hk-cdn-endpoint.azureedge.net/nft-image/bin/nft/ol/20090.png",
    "salePrice": "3.5 USDT",
    "desc": "Start of battle → Give +6 Power to the last friendly member.",
    "name": "Steel Dragon",
    "type": "Members",
    "faction": "Dragon",
    "rarity": "Rare",
    "cost": "4",
    "level": "5",
    "exp": "35",
    "foil": "Regular",
    "attack": "11",
    "armor": "0",
    "honor points": "700",
    "source": "All"
  }
]