[
  {
    "image": "https://lb2nastorage-hk-cdn-endpoint.azureedge.net/nft-image/bin/nft/ol/20010.png",
    "salePrice": "0.44 USDT",
    "desc": "After attack → give +5 to 7 Armor to the friendly member with the highest Armor.",
    "name": "Angry Bull",
    "type": "Members",
    "faction": "Animal",
    "rarity": "Epic",
    "cost": "6",
    "level": "1",
    "exp": "1",
    "foil": "Regular",
    "attack": "11",
    "armor": "0",
    "honor points": "100",
    "source": "Ahoy Box"
  },
  {
    "image": "https://lb2nastorage-hk-cdn-endpoint.azureedge.net/nft-image/bin/nft/ol/20010.png",
    "salePrice": "3 USDT",
    "desc": "After attack → give +5 to 7 Armor to the friendly member with the highest Armor.",
    "name": "Angry Bull",
    "type": "Members",
    "faction": "Animal",
    "rarity": "Epic",
    "cost": "6",
    "level": "2",
    "exp": "3",
    "foil": "Regular",
    "attack": "13",
    "armor": "0",
    "honor points": "300",
    "source": "Ahoy Box"
  },
  {
    "image": "https://lb2nastorage-hk-cdn-endpoint.azureedge.net/nft-image/bin/nft/ol/20010.png",
    "salePrice": "2.7 USDT",
    "desc": "After attack → give +7 to 9 Armor to the friendly member with the highest Armor.",
    "name": "Angry Bull",
    "type": "Members",
    "faction": "Animal",
    "rarity": "Epic",
    "cost": "6",
    "level": "3",
    "exp": "6",
    "foil": "Regular",
    "attack": "15",
    "armor": "0",
    "honor points": "600",
    "source": "Ahoy Box"
  },
  {
    "image": "https://lb2nastorage-hk-cdn-endpoint.azureedge.net/nft-image/bin/nft/ol/20010.png",
    "salePrice": "18 USDT",
    "desc": "After attack → give +7 to 9 Armor to the friendly member with the highest Armor.",
    "name": "Angry Bull",
    "type": "Members",
    "faction": "Animal",
    "rarity": "Epic",
    "cost": "6",
    "level": "4",
    "exp": "10",
    "foil": "Regular",
    "attack": "17",
    "armor": "0",
    "honor points": "1000",
    "source": "Ahoy Box"
  },
  {
    "image": "https://lb2nastorage-hk-cdn-endpoint.azureedge.net/nft-image/bin/nft/ol/20010.png",
    "salePrice": "6.88 USDT",
    "desc": "After attack → give +9 to 11 Armor to the friendly member with the highest Armor.",
    "name": "Angry Bull",
    "type": "Members",
    "faction": "Animal",
    "rarity": "Epic",
    "cost": "6",
    "level": "5",
    "exp": "16",
    "foil": "Regular",
    "attack": "19",
    "armor": "0",
    "honor points": "1600",
    "source": "Ahoy Box"
  },
  {
    "image": "https://lb2nastorage-hk-cdn-endpoint.azureedge.net/nft-image/bin/nft/ol/20010.png",
    "salePrice": "23 USDT",
    "desc": "After attack → give +9 to 11 Armor to the friendly member with the highest Armor.",
    "name": "Angry Bull",
    "type": "Members",
    "faction": "Animal",
    "rarity": "Epic",
    "cost": "6",
    "level": "6",
    "exp": "23",
    "foil": "Regular",
    "attack": "21",
    "armor": "0",
    "honor points": "2300",
    "source": "Ahoy Box"
  }
]