[
  {
    "image": "https://lb2nastorage-hk-cdn-endpoint.azureedge.net/nft-image/bin/nft/ol/20008.png",
    "salePrice": "0.1 USDT",
    "desc": "Attack and survive → Deal 3 to 5 damage to the enemy member with highest Power.",
    "name": "Rocket",
    "type": "Members",
    "faction": "Neutral",
    "rarity": "Epic",
    "cost": "5",
    "level": "1",
    "exp": "1",
    "foil": "Regular",
    "attack": "10",
    "armor": "0",
    "honor points": "100",
    "source": "Ahoy Box"
  },
  {
    "image": "https://lb2nastorage-hk-cdn-endpoint.azureedge.net/nft-image/bin/nft/ol/20008.png",
    "salePrice": "0.3 USDT",
    "desc": "Attack and survive → Deal 3 to 5 damage to the enemy member with highest Power.",
    "name": "Rocket",
    "type": "Members",
    "faction": "Neutral",
    "rarity": "Epic",
    "cost": "5",
    "level": "2",
    "exp": "3",
    "foil": "Regular",
    "attack": "11",
    "armor": "0",
    "honor points": "300",
    "source": "Ahoy Box"
  },
  {
    "image": "https://lb2nastorage-hk-cdn-endpoint.azureedge.net/nft-image/bin/nft/ol/20008.png",
    "salePrice": "0.66 USDT",
    "desc": "Attack and survive → Deal 4 to 6 damage to the enemy member with highest Power.",
    "name": "Rocket",
    "type": "Members",
    "faction": "Neutral",
    "rarity": "Epic",
    "cost": "5",
    "level": "3",
    "exp": "6",
    "foil": "Regular",
    "attack": "12",
    "armor": "0",
    "honor points": "600",
    "source": "Ahoy Box"
  },
  {
    "image": "https://lb2nastorage-hk-cdn-endpoint.azureedge.net/nft-image/bin/nft/ol/20008.png",
    "salePrice": "1.2 USDT",
    "desc": "Attack and survive → Deal 4 to 6 damage to the enemy member with highest Power.",
    "name": "Rocket",
    "type": "Members",
    "faction": "Neutral",
    "rarity": "Epic",
    "cost": "5",
    "level": "4",
    "exp": "10",
    "foil": "Regular",
    "attack": "13",
    "armor": "0",
    "honor points": "1000",
    "source": "Ahoy Box"
  },
  {
    "image": "https://lb2nastorage-hk-cdn-endpoint.azureedge.net/nft-image/bin/nft/ol/20008.png",
    "salePrice": "6 USDT",
    "desc": "Attack and survive → Deal 9 to 11 damage to the enemy member with highest Power.",
    "name": "Rocket",
    "type": "Members",
    "faction": "Neutral",
    "rarity": "Epic",
    "cost": "5",
    "level": "10",
    "exp": "60",
    "foil": "Regular",
    "attack": "24",
    "armor": "0",
    "honor points": "6300",
    "source": "Ahoy Box"
  }
]