[
  {
    "image": "https://lb2nastorage-hk-cdn-endpoint.azureedge.net/nft-image/bin/nft/ol/20063.png",
    "salePrice": "0.35 USDT",
    "desc": "Nearest friendly member ahead hurt → gain 2 Power.",
    "name": "Red Chili",
    "type": "Members",
    "faction": "Plant",
    "rarity": "Rare",
    "cost": "4",
    "level": "1",
    "exp": "1",
    "foil": "Regular",
    "attack": "7",
    "armor": "0",
    "honor points": "20",
    "source": "All"
  },
  {
    "image": "https://lb2nastorage-hk-cdn-endpoint.azureedge.net/nft-image/bin/nft/ol/20063.png",
    "salePrice": "3.48 USDT",
    "desc": "Nearest friendly member ahead hurt → gain 3 Power.",
    "name": "Red Chili",
    "type": "Members",
    "faction": "Plant",
    "rarity": "Rare",
    "cost": "4",
    "level": "3",
    "exp": "10",
    "foil": "Regular",
    "attack": "9",
    "armor": "0",
    "honor points": "200",
    "source": "All"
  },
  {
    "image": "https://lb2nastorage-hk-cdn-endpoint.azureedge.net/nft-image/bin/nft/ol/20063.png",
    "salePrice": "10.5 USDT",
    "desc": "Nearest friendly member ahead hurt → gain 4 Power.",
    "name": "Red Chili",
    "type": "Members",
    "faction": "Plant",
    "rarity": "Rare",
    "cost": "4",
    "level": "5",
    "exp": "35",
    "foil": "Regular",
    "attack": "11",
    "armor": "0",
    "honor points": "700",
    "source": "All"
  },
  {
    "image": "https://lb2nastorage-hk-cdn-endpoint.azureedge.net/nft-image/bin/nft/ol/20063.png",
    "salePrice": "37.18 USDT",
    "desc": "Nearest friendly member ahead hurt → gain 5 Power.",
    "name": "Red Chili",
    "type": "Members",
    "faction": "Plant",
    "rarity": "Rare",
    "cost": "4",
    "level": "8",
    "exp": "110",
    "foil": "Regular",
    "attack": "14",
    "armor": "0",
    "honor points": "2200",
    "source": "All"
  }
]