[
  {
    "image": "https://lb2nastorage-hk-cdn-endpoint.azureedge.net/nft-image/bin/nft/ol/20082_g.png",
    "salePrice": "2.222 USDT",
    "desc": "Attack and survive → Gain +3 Power. If there's a friendly <Kitty Bot> in the team, the skill's effect is multiplied by 2.",
    "name": "Doggy Bot(Gold)",
    "type": "Members",
    "faction": "Mech",
    "rarity": "Epic",
    "cost": "5",
    "level": "1",
    "exp": "1",
    "foil": "Gold",
    "attack": "10",
    "armor": "0",
    "honor points": "1000",
    "source": "Ladder Chest"
  },
  {
    "image": "https://lb2nastorage-hk-cdn-endpoint.azureedge.net/nft-image/bin/nft/ol/20082_g.png",
    "salePrice": "8.888 USDT",
    "desc": "Attack and survive → Gain +4 Power. If there's a friendly <Kitty Bot> in the team, the skill's effect is multiplied by 2.",
    "name": "Doggy Bot(Gold)",
    "type": "Members",
    "faction": "Mech",
    "rarity": "Epic",
    "cost": "5",
    "level": "3",
    "exp": "4",
    "foil": "Gold",
    "attack": "12",
    "armor": "0",
    "honor points": "4000",
    "source": "Ladder Chest"
  },
  {
    "image": "https://lb2nastorage-hk-cdn-endpoint.azureedge.net/nft-image/bin/nft/ol/20082_g.png",
    "salePrice": "33 USDT",
    "desc": "Attack and survive → Gain +5 Power. If there's a friendly <Kitty Bot> in the team, the skill's effect is multiplied by 2.",
    "name": "Doggy Bot(Gold)",
    "type": "Members",
    "faction": "Mech",
    "rarity": "Epic",
    "cost": "5",
    "level": "5",
    "exp": "11",
    "foil": "Gold",
    "attack": "14",
    "armor": "0",
    "honor points": "11000",
    "source": "Ladder Chest"
  }
]