[
  {
    "image": "https://lb2nastorage-hk-cdn-endpoint.azureedge.net/nft-image/bin/nft/ol/20052.png",
    "salePrice": "0.013 USDT",
    "desc": "Knocked out → summon 1 <UFO Bro> with the same level as this card at the end of the team.",
    "name": "UFO",
    "type": "Members",
    "faction": "Neutral",
    "rarity": "Rare",
    "cost": "7",
    "level": "1",
    "exp": "1",
    "foil": "Regular",
    "attack": "7",
    "armor": "6",
    "honor points": "20",
    "source": "All"
  },
  {
    "image": "https://lb2nastorage-hk-cdn-endpoint.azureedge.net/nft-image/bin/nft/ol/20052.png",
    "salePrice": "0.114 USDT",
    "desc": "Knocked out → summon 1 <UFO Bro> with the same level as this card at the end of the team.",
    "name": "UFO",
    "type": "Members",
    "faction": "Neutral",
    "rarity": "Rare",
    "cost": "7",
    "level": "2",
    "exp": "9",
    "foil": "Regular",
    "attack": "8",
    "armor": "7",
    "honor points": "180",
    "source": "All"
  },
  {
    "image": "https://lb2nastorage-hk-cdn-endpoint.azureedge.net/nft-image/bin/nft/ol/20052.png",
    "salePrice": "0.143 USDT",
    "desc": "Knocked out → summon 1 <UFO Bro> with the same level as this card at the end of the team.",
    "name": "UFO",
    "type": "Members",
    "faction": "Neutral",
    "rarity": "Rare",
    "cost": "7",
    "level": "3",
    "exp": "11",
    "foil": "Regular",
    "attack": "9",
    "armor": "8",
    "honor points": "220",
    "source": "All"
  },
  {
    "image": "https://lb2nastorage-hk-cdn-endpoint.azureedge.net/nft-image/bin/nft/ol/20052.png",
    "salePrice": "0.56 USDT",
    "desc": "Knocked out → summon 1 <UFO Bro> with the same level as this card at the end of the team.",
    "name": "UFO",
    "type": "Members",
    "faction": "Neutral",
    "rarity": "Rare",
    "cost": "7",
    "level": "5",
    "exp": "40",
    "foil": "Regular",
    "attack": "11",
    "armor": "10",
    "honor points": "800",
    "source": "All"
  }
]