[
  {
    "image": "https://lb2nastorage-hk-cdn-endpoint.azureedge.net/nft-image/bin/nft/ol/20050.png",
    "salePrice": "0.013 USDT",
    "desc": "None",
    "name": "Inflatable Hammer",
    "type": "Members",
    "faction": "Neutral",
    "rarity": "Rare",
    "cost": "1",
    "level": "1",
    "exp": "1",
    "foil": "Regular",
    "attack": "5",
    "armor": "0",
    "honor points": "20",
    "source": "All"
  },
  {
    "image": "https://lb2nastorage-hk-cdn-endpoint.azureedge.net/nft-image/bin/nft/ol/20050.png",
    "salePrice": "0.07 USDT",
    "desc": "None",
    "name": "Inflatable Hammer",
    "type": "Members",
    "faction": "Neutral",
    "rarity": "Rare",
    "cost": "1",
    "level": "2",
    "exp": "5",
    "foil": "Regular",
    "attack": "5",
    "armor": "1",
    "honor points": "100",
    "source": "All"
  },
  {
    "image": "https://lb2nastorage-hk-cdn-endpoint.azureedge.net/nft-image/bin/nft/ol/20050.png",
    "salePrice": "0.1 USDT",
    "desc": "None",
    "name": "Inflatable Hammer",
    "type": "Members",
    "faction": "Neutral",
    "rarity": "Rare",
    "cost": "1",
    "level": "3",
    "exp": "10",
    "foil": "Regular",
    "attack": "5",
    "armor": "2",
    "honor points": "200",
    "source": "All"
  },
  {
    "image": "https://lb2nastorage-hk-cdn-endpoint.azureedge.net/nft-image/bin/nft/ol/20050.png",
    "salePrice": "14 USDT",
    "desc": "None",
    "name": "Inflatable Hammer",
    "type": "Members",
    "faction": "Neutral",
    "rarity": "Rare",
    "cost": "1",
    "level": "5",
    "exp": "35",
    "foil": "Regular",
    "attack": "5",
    "armor": "4",
    "honor points": "700",
    "source": "All"
  }
]