[
  {
    "image": "https://lb2nastorage-hk-cdn-endpoint.azureedge.net/nft-image/bin/nft/ol/20034_g.png",
    "salePrice": "0.037 USDT",
    "desc": "None",
    "name": "Apple(Gold)",
    "type": "Members",
    "faction": "Plant",
    "rarity": "Common",
    "cost": "2",
    "level": "1",
    "exp": "1",
    "foil": "Gold",
    "attack": "5",
    "armor": "0",
    "honor points": "50",
    "source": "All"
  },
  {
    "image": "https://lb2nastorage-hk-cdn-endpoint.azureedge.net/nft-image/bin/nft/ol/20034_g.png",
    "salePrice": "0.16 USDT",
    "desc": "None",
    "name": "Apple(Gold)",
    "type": "Members",
    "faction": "Plant",
    "rarity": "Common",
    "cost": "2",
    "level": "2",
    "exp": "4",
    "foil": "Gold",
    "attack": "5",
    "armor": "1",
    "honor points": "200",
    "source": "All"
  },
  {
    "image": "https://lb2nastorage-hk-cdn-endpoint.azureedge.net/nft-image/bin/nft/ol/20034_g.png",
    "salePrice": "0.36 USDT",
    "desc": "None",
    "name": "Apple(Gold)",
    "type": "Members",
    "faction": "Plant",
    "rarity": "Common",
    "cost": "2",
    "level": "3",
    "exp": "9",
    "foil": "Gold",
    "attack": "5",
    "armor": "2",
    "honor points": "450",
    "source": "All"
  },
  {
    "image": "https://lb2nastorage-hk-cdn-endpoint.azureedge.net/nft-image/bin/nft/ol/20034_g.png",
    "salePrice": "0.72 USDT",
    "desc": "None",
    "name": "Apple(Gold)",
    "type": "Members",
    "faction": "Plant",
    "rarity": "Common",
    "cost": "2",
    "level": "4",
    "exp": "20",
    "foil": "Gold",
    "attack": "5",
    "armor": "3",
    "honor points": "1000",
    "source": "All"
  },
  {
    "image": "https://lb2nastorage-hk-cdn-endpoint.azureedge.net/nft-image/bin/nft/ol/20034_g.png",
    "salePrice": "1.01 USDT",
    "desc": "None",
    "name": "Apple(Gold)",
    "type": "Members",
    "faction": "Plant",
    "rarity": "Common",
    "cost": "2",
    "level": "5",
    "exp": "27",
    "foil": "Gold",
    "attack": "5",
    "armor": "4",
    "honor points": "1350",
    "source": "All"
  },
  {
    "image": "https://lb2nastorage-hk-cdn-endpoint.azureedge.net/nft-image/bin/nft/ol/20034_g.png",
    "salePrice": "1.936 USDT",
    "desc": "None",
    "name": "Apple(Gold)",
    "type": "Members",
    "faction": "Plant",
    "rarity": "Common",
    "cost": "2",
    "level": "6",
    "exp": "44",
    "foil": "Gold",
    "attack": "5",
    "armor": "5",
    "honor points": "2200",
    "source": "All"
  }
]