[
  {
    "image": "https://lb2nastorage-hk-cdn-endpoint.azureedge.net/nft-image/bin/nft/ol/20083_g.png",
    "salePrice": "3.599 USDT",
    "desc": "Before attack → Reduce the target's Power by 1, if there's a friendly <Doggy Bot> in the team, the skill's effect is multiplied by 2.",
    "name": "Kitty Bot(Gold)",
    "type": "Members",
    "faction": "Mech",
    "rarity": "Epic",
    "cost": "4",
    "level": "1",
    "exp": "1",
    "foil": "Gold",
    "attack": "8",
    "armor": "0",
    "honor points": "1000",
    "source": "Ahoy Box"
  },
  {
    "image": "https://lb2nastorage-hk-cdn-endpoint.azureedge.net/nft-image/bin/nft/ol/20083_g.png",
    "salePrice": "44 USDT",
    "desc": "Before attack → Reduce the target's Power by 3, if there's a friendly <Doggy Bot> in the team, the skill's effect is multiplied by 2.",
    "name": "Kitty Bot(Gold)",
    "type": "Members",
    "faction": "Mech",
    "rarity": "Epic",
    "cost": "4",
    "level": "5",
    "exp": "11",
    "foil": "Gold",
    "attack": "12",
    "armor": "0",
    "honor points": "11000",
    "source": "Ahoy Box"
  }
]