[
  {
    "image": "https://lb2nastorage-hk-cdn-endpoint.azureedge.net/nft-image/bin/nft/ol/10003.png",
    "salePrice": "0.004 USDT",
    "desc": "Start of battle → all friendly members gain +1 Power.",
    "name": "Zombie Baby",
    "type": "Leaders",
    "faction": "Zombie",
    "rarity": "Common",
    "cost": "0",
    "level": "1",
    "exp": "1",
    "foil": "Regular",
    "attack": "0",
    "armor": "0",
    "honor points": "5",
    "source": "All"
  },
  {
    "image": "https://lb2nastorage-hk-cdn-endpoint.azureedge.net/nft-image/bin/nft/ol/10003.png",
    "salePrice": "0.02 USDT",
    "desc": "Start of battle → all friendly members gain +1 Power.",
    "name": "Zombie Baby",
    "type": "Leaders",
    "faction": "Zombie",
    "rarity": "Common",
    "cost": "0",
    "level": "2",
    "exp": "5",
    "foil": "Regular",
    "attack": "0",
    "armor": "0",
    "honor points": "25",
    "source": "All"
  },
  {
    "image": "https://lb2nastorage-hk-cdn-endpoint.azureedge.net/nft-image/bin/nft/ol/10003.png",
    "salePrice": "0.06 USDT",
    "desc": "Start of battle → all friendly members gain +1 Power.",
    "name": "Zombie Baby",
    "type": "Leaders",
    "faction": "Zombie",
    "rarity": "Common",
    "cost": "0",
    "level": "3",
    "exp": "15",
    "foil": "Regular",
    "attack": "0",
    "armor": "0",
    "honor points": "75",
    "source": "All"
  },
  {
    "image": "https://lb2nastorage-hk-cdn-endpoint.azureedge.net/nft-image/bin/nft/ol/10003.png",
    "salePrice": "0.144 USDT",
    "desc": "Start of battle → all friendly members gain +1 Power.",
    "name": "Zombie Baby",
    "type": "Leaders",
    "faction": "Zombie",
    "rarity": "Common",
    "cost": "0",
    "level": "4",
    "exp": "36",
    "foil": "Regular",
    "attack": "0",
    "armor": "0",
    "honor points": "180",
    "source": "All"
  },
  {
    "image": "https://lb2nastorage-hk-cdn-endpoint.azureedge.net/nft-image/bin/nft/ol/10003.png",
    "salePrice": "0.24 USDT",
    "desc": "Start of battle → all friendly members gain +2 Power.",
    "name": "Zombie Baby",
    "type": "Leaders",
    "faction": "Zombie",
    "rarity": "Common",
    "cost": "0",
    "level": "5",
    "exp": "60",
    "foil": "Regular",
    "attack": "0",
    "armor": "0",
    "honor points": "300",
    "source": "All"
  },
  {
    "image": "https://lb2nastorage-hk-cdn-endpoint.azureedge.net/nft-image/bin/nft/ol/10003.png",
    "salePrice": "0.928 USDT",
    "desc": "Start of battle → all friendly members gain +2 Power.",
    "name": "Zombie Baby",
    "type": "Leaders",
    "faction": "Zombie",
    "rarity": "Common",
    "cost": "0",
    "level": "8",
    "exp": "232",
    "foil": "Regular",
    "attack": "0",
    "armor": "0",
    "honor points": "1160",
    "source": "All"
  }
]