[
  {
    "image": "https://lb2nastorage-hk-cdn-endpoint.azureedge.net/nft-image/bin/nft/ol/20038_g.png",
    "salePrice": "0.11 USDT",
    "desc": "Knocked out → deal 2 to 3 damage to 1 enemy member(s).",
    "name": "Sailor Zombie(Gold)",
    "type": "Members",
    "faction": "Zombie",
    "rarity": "Common",
    "cost": "1",
    "level": "1",
    "exp": "1",
    "foil": "Gold",
    "attack": "2",
    "armor": "0",
    "honor points": "50",
    "source": "All"
  },
  {
    "image": "https://lb2nastorage-hk-cdn-endpoint.azureedge.net/nft-image/bin/nft/ol/20038_g.png",
    "salePrice": "0.77 USDT",
    "desc": "Knocked out → deal 2 to 4 damage to 1 enemy member(s).",
    "name": "Sailor Zombie(Gold)",
    "type": "Members",
    "faction": "Zombie",
    "rarity": "Common",
    "cost": "1",
    "level": "2",
    "exp": "7",
    "foil": "Gold",
    "attack": "2",
    "armor": "0",
    "honor points": "350",
    "source": "All"
  },
  {
    "image": "https://lb2nastorage-hk-cdn-endpoint.azureedge.net/nft-image/bin/nft/ol/20038_g.png",
    "salePrice": "0.891 USDT",
    "desc": "Knocked out → deal 3 to 4 damage to 1 enemy member(s).",
    "name": "Sailor Zombie(Gold)",
    "type": "Members",
    "faction": "Zombie",
    "rarity": "Common",
    "cost": "1",
    "level": "3",
    "exp": "9",
    "foil": "Gold",
    "attack": "2",
    "armor": "0",
    "honor points": "450",
    "source": "All"
  },
  {
    "image": "https://lb2nastorage-hk-cdn-endpoint.azureedge.net/nft-image/bin/nft/ol/20038_g.png",
    "salePrice": "44.8 USDT",
    "desc": "Knocked out → deal 3 to 5 damage to 1 enemy member(s).",
    "name": "Sailor Zombie(Gold)",
    "type": "Members",
    "faction": "Zombie",
    "rarity": "Common",
    "cost": "1",
    "level": "4",
    "exp": "16",
    "foil": "Gold",
    "attack": "2",
    "armor": "0",
    "honor points": "800",
    "source": "All"
  },
  {
    "image": "https://lb2nastorage-hk-cdn-endpoint.azureedge.net/nft-image/bin/nft/ol/20038_g.png",
    "salePrice": "2.43 USDT",
    "desc": "Knocked out → deal 4 to 5 damage to 1 enemy member(s).",
    "name": "Sailor Zombie(Gold)",
    "type": "Members",
    "faction": "Zombie",
    "rarity": "Common",
    "cost": "1",
    "level": "5",
    "exp": "27",
    "foil": "Gold",
    "attack": "2",
    "armor": "0",
    "honor points": "1350",
    "source": "All"
  }
]