[
  {
    "image": "https://lb2nastorage-hk-cdn-endpoint.azureedge.net/nft-image/bin/nft/ol/20088.png",
    "salePrice": "0.005 USDT",
    "desc": "Hurt → deal 1 to 3 damage to 1 random enemy member.",
    "name": "Lava Dragon",
    "type": "Members",
    "faction": "Dragon",
    "rarity": "Common",
    "cost": "3",
    "level": "1",
    "exp": "1",
    "foil": "Regular",
    "attack": "3",
    "armor": "4",
    "honor points": "5",
    "source": "All"
  },
  {
    "image": "https://lb2nastorage-hk-cdn-endpoint.azureedge.net/nft-image/bin/nft/ol/20088.png",
    "salePrice": "0.042 USDT",
    "desc": "Hurt → deal 1 to 3 damage to 1 random enemy member.",
    "name": "Lava Dragon",
    "type": "Members",
    "faction": "Dragon",
    "rarity": "Common",
    "cost": "3",
    "level": "2",
    "exp": "7",
    "foil": "Regular",
    "attack": "3",
    "armor": "5",
    "honor points": "35",
    "source": "All"
  },
  {
    "image": "https://lb2nastorage-hk-cdn-endpoint.azureedge.net/nft-image/bin/nft/ol/20088.png",
    "salePrice": "0.09 USDT",
    "desc": "Hurt → deal 2 to 4 damage to 1 random enemy member.",
    "name": "Lava Dragon",
    "type": "Members",
    "faction": "Dragon",
    "rarity": "Common",
    "cost": "3",
    "level": "3",
    "exp": "15",
    "foil": "Regular",
    "attack": "3",
    "armor": "6",
    "honor points": "75",
    "source": "All"
  }
]