[
  {
    "image": "https://lb2nastorage-hk-cdn-endpoint.azureedge.net/nft-image/bin/nft/ol/20003_g.png",
    "salePrice": "0.035 USDT",
    "desc": "None",
    "name": "Death Knight(Gold)",
    "type": "Members",
    "faction": "Zombie",
    "rarity": "Common",
    "cost": "4",
    "level": "1",
    "exp": "1",
    "foil": "Gold",
    "attack": "9",
    "armor": "0",
    "honor points": "50",
    "source": "All"
  },
  {
    "image": "https://lb2nastorage-hk-cdn-endpoint.azureedge.net/nft-image/bin/nft/ol/20003_g.png",
    "salePrice": "0.425 USDT",
    "desc": "None",
    "name": "Death Knight(Gold)",
    "type": "Members",
    "faction": "Zombie",
    "rarity": "Common",
    "cost": "4",
    "level": "2",
    "exp": "5",
    "foil": "Gold",
    "attack": "10",
    "armor": "0",
    "honor points": "250",
    "source": "All"
  },
  {
    "image": "https://lb2nastorage-hk-cdn-endpoint.azureedge.net/nft-image/bin/nft/ol/20003_g.png",
    "salePrice": "0.525 USDT",
    "desc": "None",
    "name": "Death Knight(Gold)",
    "type": "Members",
    "faction": "Zombie",
    "rarity": "Common",
    "cost": "4",
    "level": "3",
    "exp": "15",
    "foil": "Gold",
    "attack": "11",
    "armor": "0",
    "honor points": "750",
    "source": "All"
  },
  {
    "image": "https://lb2nastorage-hk-cdn-endpoint.azureedge.net/nft-image/bin/nft/ol/20003_g.png",
    "salePrice": "0.595 USDT",
    "desc": "None",
    "name": "Death Knight(Gold)",
    "type": "Members",
    "faction": "Zombie",
    "rarity": "Common",
    "cost": "4",
    "level": "4",
    "exp": "17",
    "foil": "Gold",
    "attack": "12",
    "armor": "0",
    "honor points": "850",
    "source": "All"
  }
]