[
  {
    "image": "https://lb2nastorage-hk-cdn-endpoint.azureedge.net/nft-image/bin/nft/ol/20032.png",
    "salePrice": "0.004 USDT",
    "desc": "None",
    "name": "Boxing Gloves",
    "type": "Members",
    "faction": "Neutral",
    "rarity": "Common",
    "cost": "1",
    "level": "1",
    "exp": "1",
    "foil": "Regular",
    "attack": "3",
    "armor": "0",
    "honor points": "5",
    "source": "All"
  },
  {
    "image": "https://lb2nastorage-hk-cdn-endpoint.azureedge.net/nft-image/bin/nft/ol/20032.png",
    "salePrice": "0.028 USDT",
    "desc": "None",
    "name": "Boxing Gloves",
    "type": "Members",
    "faction": "Neutral",
    "rarity": "Common",
    "cost": "1",
    "level": "2",
    "exp": "7",
    "foil": "Regular",
    "attack": "3",
    "armor": "1",
    "honor points": "35",
    "source": "All"
  },
  {
    "image": "https://lb2nastorage-hk-cdn-endpoint.azureedge.net/nft-image/bin/nft/ol/20032.png",
    "salePrice": "0.105 USDT",
    "desc": "None",
    "name": "Boxing Gloves",
    "type": "Members",
    "faction": "Neutral",
    "rarity": "Common",
    "cost": "1",
    "level": "3",
    "exp": "15",
    "foil": "Regular",
    "attack": "3",
    "armor": "2",
    "honor points": "75",
    "source": "All"
  },
  {
    "image": "https://lb2nastorage-hk-cdn-endpoint.azureedge.net/nft-image/bin/nft/ol/20032.png",
    "salePrice": "0.304 USDT",
    "desc": "None",
    "name": "Boxing Gloves",
    "type": "Members",
    "faction": "Neutral",
    "rarity": "Common",
    "cost": "1",
    "level": "4",
    "exp": "38",
    "foil": "Regular",
    "attack": "3",
    "armor": "3",
    "honor points": "190",
    "source": "All"
  },
  {
    "image": "https://lb2nastorage-hk-cdn-endpoint.azureedge.net/nft-image/bin/nft/ol/20032.png",
    "salePrice": "0.255 USDT",
    "desc": "None",
    "name": "Boxing Gloves",
    "type": "Members",
    "faction": "Neutral",
    "rarity": "Common",
    "cost": "1",
    "level": "5",
    "exp": "64",
    "foil": "Regular",
    "attack": "3",
    "armor": "4",
    "honor points": "320",
    "source": "All"
  },
  {
    "image": "https://lb2nastorage-hk-cdn-endpoint.azureedge.net/nft-image/bin/nft/ol/20032.png",
    "salePrice": "1.12 USDT",
    "desc": "None",
    "name": "Boxing Gloves",
    "type": "Members",
    "faction": "Neutral",
    "rarity": "Common",
    "cost": "1",
    "level": "7",
    "exp": "160",
    "foil": "Regular",
    "attack": "3",
    "armor": "6",
    "honor points": "800",
    "source": "All"
  }
]