[
  {
    "image": "https://lb2nastorage-hk-cdn-endpoint.azureedge.net/nft-image/bin/nft/ol/20089.png",
    "salePrice": "0.32 USDT",
    "desc": "Knocked out → Summon a random 3 Cost Dragon member with the same level as this card at the end of the team.",
    "name": "Dragon Egg",
    "type": "Members",
    "faction": "Dragon",
    "rarity": "Epic",
    "cost": "2",
    "level": "1",
    "exp": "1",
    "foil": "Regular",
    "attack": "1",
    "armor": "0",
    "honor points": "100",
    "source": "Ahoy Box"
  },
  {
    "image": "https://lb2nastorage-hk-cdn-endpoint.azureedge.net/nft-image/bin/nft/ol/20089.png",
    "salePrice": "1.48 USDT",
    "desc": "Knocked out → Summon a random 3 Cost Dragon member with the same level as this card at the end of the team.",
    "name": "Dragon Egg",
    "type": "Members",
    "faction": "Dragon",
    "rarity": "Epic",
    "cost": "2",
    "level": "2",
    "exp": "4",
    "foil": "Regular",
    "attack": "1",
    "armor": "0",
    "honor points": "400",
    "source": "Ahoy Box"
  },
  {
    "image": "https://lb2nastorage-hk-cdn-endpoint.azureedge.net/nft-image/bin/nft/ol/20089.png",
    "salePrice": "2.19 USDT",
    "desc": "Knocked out → Summon a random 3 Cost Dragon member with the same level as this card at the end of the team.",
    "name": "Dragon Egg",
    "type": "Members",
    "faction": "Dragon",
    "rarity": "Epic",
    "cost": "2",
    "level": "3",
    "exp": "6",
    "foil": "Regular",
    "attack": "1",
    "armor": "0",
    "honor points": "600",
    "source": "Ahoy Box"
  },
  {
    "image": "https://lb2nastorage-hk-cdn-endpoint.azureedge.net/nft-image/bin/nft/ol/20089.png",
    "salePrice": "3.7 USDT",
    "desc": "Knocked out → Summon a random 3 Cost Dragon member with the same level as this card at the end of the team.",
    "name": "Dragon Egg",
    "type": "Members",
    "faction": "Dragon",
    "rarity": "Epic",
    "cost": "2",
    "level": "4",
    "exp": "10",
    "foil": "Regular",
    "attack": "1",
    "armor": "0",
    "honor points": "1000",
    "source": "Ahoy Box"
  },
  {
    "image": "https://lb2nastorage-hk-cdn-endpoint.azureedge.net/nft-image/bin/nft/ol/20089.png",
    "salePrice": "4.8 USDT",
    "desc": "Knocked out → Summon a random 3 Cost Dragon member with the same level as this card at the end of the team.",
    "name": "Dragon Egg",
    "type": "Members",
    "faction": "Dragon",
    "rarity": "Epic",
    "cost": "2",
    "level": "5",
    "exp": "16",
    "foil": "Regular",
    "attack": "1",
    "armor": "0",
    "honor points": "1600",
    "source": "Ahoy Box"
  }
]