[
  {
    "image": "https://lb2nastorage-hk-cdn-endpoint.azureedge.net/nft-image/bin/nft/ol/20065.png",
    "salePrice": "0.012 USDT",
    "desc": "Hurt → deal 2 to 4 damage back to the member that hurt this card.",
    "name": "Raging Shield",
    "type": "Members",
    "faction": "Neutral",
    "rarity": "Rare",
    "cost": "4",
    "level": "1",
    "exp": "1",
    "foil": "Regular",
    "attack": "3",
    "armor": "8",
    "honor points": "20",
    "source": "All"
  },
  {
    "image": "https://lb2nastorage-hk-cdn-endpoint.azureedge.net/nft-image/bin/nft/ol/20065.png",
    "salePrice": "0.052 USDT",
    "desc": "Hurt → deal 2 to 4 damage back to the member that hurt this card.",
    "name": "Raging Shield",
    "type": "Members",
    "faction": "Neutral",
    "rarity": "Rare",
    "cost": "4",
    "level": "2",
    "exp": "4",
    "foil": "Regular",
    "attack": "3",
    "armor": "10",
    "honor points": "80",
    "source": "All"
  },
  {
    "image": "https://lb2nastorage-hk-cdn-endpoint.azureedge.net/nft-image/bin/nft/ol/20065.png",
    "salePrice": "0.1 USDT",
    "desc": "Hurt → deal 3 to 5 damage back to the member that hurt this card.",
    "name": "Raging Shield",
    "type": "Members",
    "faction": "Neutral",
    "rarity": "Rare",
    "cost": "4",
    "level": "3",
    "exp": "10",
    "foil": "Regular",
    "attack": "3",
    "armor": "12",
    "honor points": "200",
    "source": "All"
  },
  {
    "image": "https://lb2nastorage-hk-cdn-endpoint.azureedge.net/nft-image/bin/nft/ol/20065.png",
    "salePrice": "0.3 USDT",
    "desc": "Hurt → deal 3 to 5 damage back to the member that hurt this card.",
    "name": "Raging Shield",
    "type": "Members",
    "faction": "Neutral",
    "rarity": "Rare",
    "cost": "4",
    "level": "4",
    "exp": "20",
    "foil": "Regular",
    "attack": "3",
    "armor": "14",
    "honor points": "400",
    "source": "All"
  },
  {
    "image": "https://lb2nastorage-hk-cdn-endpoint.azureedge.net/nft-image/bin/nft/ol/20065.png",
    "salePrice": "2.301 USDT",
    "desc": "Hurt → deal 4 to 6 damage back to the member that hurt this card.",
    "name": "Raging Shield",
    "type": "Members",
    "faction": "Neutral",
    "rarity": "Rare",
    "cost": "4",
    "level": "5",
    "exp": "39",
    "foil": "Regular",
    "attack": "3",
    "armor": "16",
    "honor points": "780",
    "source": "All"
  },
  {
    "image": "https://lb2nastorage-hk-cdn-endpoint.azureedge.net/nft-image/bin/nft/ol/20065.png",
    "salePrice": "9.45 USDT",
    "desc": "Hurt → deal 4 to 6 damage back to the member that hurt this card.",
    "name": "Raging Shield",
    "type": "Members",
    "faction": "Neutral",
    "rarity": "Rare",
    "cost": "4",
    "level": "6",
    "exp": "63",
    "foil": "Regular",
    "attack": "3",
    "armor": "18",
    "honor points": "1260",
    "source": "All"
  }
]