[
  {
    "image": "https://lb2nastorage-hk-cdn-endpoint.azureedge.net/nft-image/bin/nft/ol/10007.png",
    "salePrice": "0.064 USDT",
    "desc": "Friendly Mech members lose <Energy Shield> → deal 3 damage to the enemy member with the highest Power. <triggered 4 time(s)>",
    "name": "Robot Duke",
    "type": "Leaders",
    "faction": "Mech",
    "rarity": "Rare",
    "cost": "0",
    "level": "1",
    "exp": "1",
    "foil": "Regular",
    "attack": "0",
    "armor": "0",
    "honor points": "20",
    "source": "All"
  },
  {
    "image": "https://lb2nastorage-hk-cdn-endpoint.azureedge.net/nft-image/bin/nft/ol/10007.png",
    "salePrice": "0.26 USDT",
    "desc": "Friendly Mech members lose <Energy Shield> → deal 3 damage to the enemy member with the highest Power. <triggered 4 time(s)>",
    "name": "Robot Duke",
    "type": "Leaders",
    "faction": "Mech",
    "rarity": "Rare",
    "cost": "0",
    "level": "2",
    "exp": "4",
    "foil": "Regular",
    "attack": "0",
    "armor": "0",
    "honor points": "80",
    "source": "All"
  },
  {
    "image": "https://lb2nastorage-hk-cdn-endpoint.azureedge.net/nft-image/bin/nft/ol/10007.png",
    "salePrice": "1.2 USDT",
    "desc": "Friendly Mech members lose <Energy Shield> → deal 4 damage to the enemy member with the highest Power. <triggered 4 time(s)>",
    "name": "Robot Duke",
    "type": "Leaders",
    "faction": "Mech",
    "rarity": "Rare",
    "cost": "0",
    "level": "3",
    "exp": "10",
    "foil": "Regular",
    "attack": "0",
    "armor": "0",
    "honor points": "200",
    "source": "All"
  },
  {
    "image": "https://lb2nastorage-hk-cdn-endpoint.azureedge.net/nft-image/bin/nft/ol/10007.png",
    "salePrice": "2.205 USDT",
    "desc": "Friendly Mech members lose <Energy Shield> → deal 5 damage to the enemy member with the highest Power. <triggered 4 time(s)>",
    "name": "Robot Duke",
    "type": "Leaders",
    "faction": "Mech",
    "rarity": "Rare",
    "cost": "0",
    "level": "5",
    "exp": "35",
    "foil": "Regular",
    "attack": "0",
    "armor": "0",
    "honor points": "700",
    "source": "All"
  }
]