[
  {
    "image": "https://lb2nastorage-hk-cdn-endpoint.azureedge.net/nft-image/bin/nft/ol/10009_g.png",
    "salePrice": "1.099 USDT",
    "desc": "Start of battle → reduce the first and last enemy member's Power by 4.",
    "name": "Inferno Dragon(Gold)",
    "type": "Leaders",
    "faction": "Dragon",
    "rarity": "Rare",
    "cost": "0",
    "level": "1",
    "exp": "1",
    "foil": "Gold",
    "attack": "0",
    "armor": "0",
    "honor points": "200",
    "source": "All"
  },
  {
    "image": "https://lb2nastorage-hk-cdn-endpoint.azureedge.net/nft-image/bin/nft/ol/10009_g.png",
    "salePrice": "22.05 USDT",
    "desc": "Start of battle → reduce the first and last enemy member's Power by 7.",
    "name": "Inferno Dragon(Gold)",
    "type": "Leaders",
    "faction": "Dragon",
    "rarity": "Rare",
    "cost": "0",
    "level": "5",
    "exp": "15",
    "foil": "Gold",
    "attack": "0",
    "armor": "0",
    "honor points": "3000",
    "source": "All"
  }
]