[
  {
    "image": "https://lb2nastorage-hk-cdn-endpoint.azureedge.net/nft-image/bin/nft/ol/20047_g.png",
    "salePrice": "0.6 USDT",
    "desc": "Start of battle → give adjacent friendly members +2 Power.",
    "name": "Trumpet(Gold)",
    "type": "Members",
    "faction": "Neutral",
    "rarity": "Rare",
    "cost": "4",
    "level": "1",
    "exp": "1",
    "foil": "Gold",
    "attack": "7",
    "armor": "0",
    "honor points": "200",
    "source": "All"
  },
  {
    "image": "https://lb2nastorage-hk-cdn-endpoint.azureedge.net/nft-image/bin/nft/ol/20047_g.png",
    "salePrice": "39 USDT",
    "desc": "Start of battle → give adjacent friendly members +3 Power.",
    "name": "Trumpet(Gold)",
    "type": "Members",
    "faction": "Neutral",
    "rarity": "Rare",
    "cost": "4",
    "level": "3",
    "exp": "6",
    "foil": "Gold",
    "attack": "9",
    "armor": "0",
    "honor points": "1200",
    "source": "All"
  }
]