[
  {
    "image": "https://lb2nastorage-hk-cdn-endpoint.azureedge.net/nft-image/bin/nft/ol/20099_g.png",
    "salePrice": "2.2 USDT",
    "desc": "Friendly Dragon member loses all Armor → Gain 2 Power.",
    "name": "Nature Dragon(Gold)",
    "type": "Members",
    "faction": "Dragon",
    "rarity": "Epic",
    "cost": "4",
    "level": "1",
    "exp": "1",
    "foil": "Gold",
    "attack": "4",
    "armor": "6",
    "honor points": "1000",
    "source": "Ladder Chest"
  },
  {
    "image": "https://lb2nastorage-hk-cdn-endpoint.azureedge.net/nft-image/bin/nft/ol/20099_g.png",
    "salePrice": "5.96 USDT",
    "desc": "Friendly Dragon member loses all Armor → Gain 2 Power.",
    "name": "Nature Dragon(Gold)",
    "type": "Members",
    "faction": "Dragon",
    "rarity": "Epic",
    "cost": "4",
    "level": "2",
    "exp": "2",
    "foil": "Gold",
    "attack": "5",
    "armor": "6",
    "honor points": "2000",
    "source": "Ladder Chest"
  }
]