[
  {
    "image": "https://lb2nastorage-hk-cdn-endpoint.azureedge.net/nft-image/bin/nft/ol/20066.png",
    "salePrice": "0.35 USDT",
    "desc": "Hurt → deal 1 damage to the nearest friendly member behind.",
    "name": "Mr. Tomato",
    "type": "Members",
    "faction": "Plant",
    "rarity": "Epic",
    "cost": "3",
    "level": "1",
    "exp": "1",
    "foil": "Regular",
    "attack": "7",
    "armor": "4",
    "honor points": "100",
    "source": "Ahoy Box"
  },
  {
    "image": "https://lb2nastorage-hk-cdn-endpoint.azureedge.net/nft-image/bin/nft/ol/20066.png",
    "salePrice": "2.25 USDT",
    "desc": "Hurt → deal 1 damage to the nearest friendly member behind.",
    "name": "Mr. Tomato",
    "type": "Members",
    "faction": "Plant",
    "rarity": "Epic",
    "cost": "3",
    "level": "3",
    "exp": "6",
    "foil": "Regular",
    "attack": "9",
    "armor": "4",
    "honor points": "600",
    "source": "Ahoy Box"
  },
  {
    "image": "https://lb2nastorage-hk-cdn-endpoint.azureedge.net/nft-image/bin/nft/ol/20066.png",
    "salePrice": "4.8 USDT",
    "desc": "Hurt → deal 1 damage to the nearest friendly member behind.",
    "name": "Mr. Tomato",
    "type": "Members",
    "faction": "Plant",
    "rarity": "Epic",
    "cost": "3",
    "level": "5",
    "exp": "16",
    "foil": "Regular",
    "attack": "11",
    "armor": "4",
    "honor points": "1600",
    "source": "Ahoy Box"
  },
  {
    "image": "https://lb2nastorage-hk-cdn-endpoint.azureedge.net/nft-image/bin/nft/ol/20066.png",
    "salePrice": "10.54 USDT",
    "desc": "Hurt → deal 1 damage to the nearest friendly member behind.",
    "name": "Mr. Tomato",
    "type": "Members",
    "faction": "Plant",
    "rarity": "Epic",
    "cost": "3",
    "level": "7",
    "exp": "34",
    "foil": "Regular",
    "attack": "13",
    "armor": "4",
    "honor points": "3400",
    "source": "Ahoy Box"
  }
]