[
  {
    "image": "https://lb2nastorage-hk-cdn-endpoint.azureedge.net/nft-image/bin/nft/ol/20042_g.png",
    "salePrice": "0.049 USDT",
    "desc": "None",
    "name": "Shotgun(Gold)",
    "type": "Members",
    "faction": "Neutral",
    "rarity": "Common",
    "cost": "5",
    "level": "1",
    "exp": "1",
    "foil": "Gold",
    "attack": "11",
    "armor": "0",
    "honor points": "50",
    "source": "All"
  },
  {
    "image": "https://lb2nastorage-hk-cdn-endpoint.azureedge.net/nft-image/bin/nft/ol/20042_g.png",
    "salePrice": "0.436 USDT",
    "desc": "None",
    "name": "Shotgun(Gold)",
    "type": "Members",
    "faction": "Neutral",
    "rarity": "Common",
    "cost": "5",
    "level": "2",
    "exp": "4",
    "foil": "Gold",
    "attack": "12",
    "armor": "0",
    "honor points": "200",
    "source": "All"
  },
  {
    "image": "https://lb2nastorage-hk-cdn-endpoint.azureedge.net/nft-image/bin/nft/ol/20042_g.png",
    "salePrice": "0.431 USDT",
    "desc": "None",
    "name": "Shotgun(Gold)",
    "type": "Members",
    "faction": "Neutral",
    "rarity": "Common",
    "cost": "5",
    "level": "3",
    "exp": "9",
    "foil": "Gold",
    "attack": "13",
    "armor": "0",
    "honor points": "450",
    "source": "All"
  },
  {
    "image": "https://lb2nastorage-hk-cdn-endpoint.azureedge.net/nft-image/bin/nft/ol/20042_g.png",
    "salePrice": "0.8 USDT",
    "desc": "None",
    "name": "Shotgun(Gold)",
    "type": "Members",
    "faction": "Neutral",
    "rarity": "Common",
    "cost": "5",
    "level": "4",
    "exp": "16",
    "foil": "Gold",
    "attack": "14",
    "armor": "0",
    "honor points": "800",
    "source": "All"
  },
  {
    "image": "https://lb2nastorage-hk-cdn-endpoint.azureedge.net/nft-image/bin/nft/ol/20042_g.png",
    "salePrice": "1.3 USDT",
    "desc": "None",
    "name": "Shotgun(Gold)",
    "type": "Members",
    "faction": "Neutral",
    "rarity": "Common",
    "cost": "5",
    "level": "5",
    "exp": "26",
    "foil": "Gold",
    "attack": "15",
    "armor": "0",
    "honor points": "1300",
    "source": "All"
  },
  {
    "image": "https://lb2nastorage-hk-cdn-endpoint.azureedge.net/nft-image/bin/nft/ol/20042_g.png",
    "salePrice": "1.6 USDT",
    "desc": "None",
    "name": "Shotgun(Gold)",
    "type": "Members",
    "faction": "Neutral",
    "rarity": "Common",
    "cost": "5",
    "level": "6",
    "exp": "40",
    "foil": "Gold",
    "attack": "16",
    "armor": "0",
    "honor points": "2000",
    "source": "All"
  }
]