[
  {
    "image": "https://lb2nastorage-hk-cdn-endpoint.azureedge.net/nft-image/bin/nft/ol/10008.png",
    "salePrice": "2.94 USDT",
    "desc": "Friendly Mech members gain <Energy Shield> → give +2 to 3 Power to them. <triggered 4 time(s)>",
    "name": "Mechanic Knight",
    "type": "Leaders",
    "faction": "Mech",
    "rarity": "Epic",
    "cost": "2",
    "level": "1",
    "exp": "1",
    "foil": "Regular",
    "attack": "0",
    "armor": "0",
    "honor points": "100",
    "source": "Ahoy Box"
  },
  {
    "image": "https://lb2nastorage-hk-cdn-endpoint.azureedge.net/nft-image/bin/nft/ol/10008.png",
    "salePrice": "117.6 USDT",
    "desc": "Friendly Mech members gain <Energy Shield> → give +5 to 6 Power to them. <triggered 4 time(s)>",
    "name": "Mechanic Knight",
    "type": "Leaders",
    "faction": "Mech",
    "rarity": "Epic",
    "cost": "2",
    "level": "8",
    "exp": "40",
    "foil": "Regular",
    "attack": "0",
    "armor": "0",
    "honor points": "4000",
    "source": "Ahoy Box"
  }
]