[
  {
    "image": "https://lb2nastorage-hk-cdn-endpoint.azureedge.net/nft-image/bin/nft/ol/20066_g.png",
    "salePrice": "2.7 USDT",
    "desc": "Hurt → deal 1 damage to the nearest friendly member behind.",
    "name": "Mr. Tomato(Gold)",
    "type": "Members",
    "faction": "Plant",
    "rarity": "Epic",
    "cost": "3",
    "level": "1",
    "exp": "1",
    "foil": "Gold",
    "attack": "7",
    "armor": "4",
    "honor points": "1000",
    "source": "Ahoy Box"
  },
  {
    "image": "https://lb2nastorage-hk-cdn-endpoint.azureedge.net/nft-image/bin/nft/ol/20066_g.png",
    "salePrice": "5.6 USDT",
    "desc": "Hurt → deal 1 damage to the nearest friendly member behind.",
    "name": "Mr. Tomato(Gold)",
    "type": "Members",
    "faction": "Plant",
    "rarity": "Epic",
    "cost": "3",
    "level": "2",
    "exp": "2",
    "foil": "Gold",
    "attack": "8",
    "armor": "4",
    "honor points": "2000",
    "source": "Ahoy Box"
  },
  {
    "image": "https://lb2nastorage-hk-cdn-endpoint.azureedge.net/nft-image/bin/nft/ol/20066_g.png",
    "salePrice": "9.5 USDT",
    "desc": "Hurt → deal 1 damage to the nearest friendly member behind.",
    "name": "Mr. Tomato(Gold)",
    "type": "Members",
    "faction": "Plant",
    "rarity": "Epic",
    "cost": "3",
    "level": "3",
    "exp": "4",
    "foil": "Gold",
    "attack": "9",
    "armor": "4",
    "honor points": "4000",
    "source": "Ahoy Box"
  },
  {
    "image": "https://lb2nastorage-hk-cdn-endpoint.azureedge.net/nft-image/bin/nft/ol/20066_g.png",
    "salePrice": "24.2 USDT",
    "desc": "Hurt → deal 1 damage to the nearest friendly member behind.",
    "name": "Mr. Tomato(Gold)",
    "type": "Members",
    "faction": "Plant",
    "rarity": "Epic",
    "cost": "3",
    "level": "5",
    "exp": "11",
    "foil": "Gold",
    "attack": "11",
    "armor": "4",
    "honor points": "11000",
    "source": "Ahoy Box"
  }
]