[
  {
    "image": "https://lb2nastorage-hk-cdn-endpoint.azureedge.net/nft-image/bin/nft/ol/20007_g.png",
    "salePrice": "0.05 USDT",
    "desc": "Knock out an enemy and survive → deal 2 to 4 damage to 1 enemy member(s).",
    "name": "Arrogant Boar(Gold)",
    "type": "Members",
    "faction": "Animal",
    "rarity": "Common",
    "cost": "4",
    "level": "1",
    "exp": "1",
    "foil": "Gold",
    "attack": "6",
    "armor": "0",
    "honor points": "50",
    "source": "All"
  },
  {
    "image": "https://lb2nastorage-hk-cdn-endpoint.azureedge.net/nft-image/bin/nft/ol/20007_g.png",
    "salePrice": "0.55 USDT",
    "desc": "Knock out an enemy and survive → deal 3 to 5 damage to 1 enemy member(s).",
    "name": "Arrogant Boar(Gold)",
    "type": "Members",
    "faction": "Animal",
    "rarity": "Common",
    "cost": "4",
    "level": "3",
    "exp": "11",
    "foil": "Gold",
    "attack": "8",
    "armor": "0",
    "honor points": "550",
    "source": "All"
  }
]