[
  {
    "image": "https://lb2nastorage-hk-cdn-endpoint.azureedge.net/nft-image/bin/nft/ol/20033_g.png",
    "salePrice": "0.06 USDT",
    "desc": "None",
    "name": "Friendly Hen(Gold)",
    "type": "Members",
    "faction": "Animal",
    "rarity": "Common",
    "cost": "2",
    "level": "1",
    "exp": "1",
    "foil": "Gold",
    "attack": "5",
    "armor": "0",
    "honor points": "50",
    "source": "All"
  },
  {
    "image": "https://lb2nastorage-hk-cdn-endpoint.azureedge.net/nft-image/bin/nft/ol/20033_g.png",
    "salePrice": "0.264 USDT",
    "desc": "None",
    "name": "Friendly Hen(Gold)",
    "type": "Members",
    "faction": "Animal",
    "rarity": "Common",
    "cost": "2",
    "level": "2",
    "exp": "4",
    "foil": "Gold",
    "attack": "5",
    "armor": "1",
    "honor points": "200",
    "source": "All"
  },
  {
    "image": "https://lb2nastorage-hk-cdn-endpoint.azureedge.net/nft-image/bin/nft/ol/20033_g.png",
    "salePrice": "1.6 USDT",
    "desc": "None",
    "name": "Friendly Hen(Gold)",
    "type": "Members",
    "faction": "Animal",
    "rarity": "Common",
    "cost": "2",
    "level": "4",
    "exp": "20",
    "foil": "Gold",
    "attack": "5",
    "armor": "3",
    "honor points": "1000",
    "source": "All"
  },
  {
    "image": "https://lb2nastorage-hk-cdn-endpoint.azureedge.net/nft-image/bin/nft/ol/20033_g.png",
    "salePrice": "1.02 USDT",
    "desc": "None",
    "name": "Friendly Hen(Gold)",
    "type": "Members",
    "faction": "Animal",
    "rarity": "Common",
    "cost": "2",
    "level": "5",
    "exp": "30",
    "foil": "Gold",
    "attack": "5",
    "armor": "4",
    "honor points": "1500",
    "source": "All"
  }
]