[
  {
    "image": "https://lb2nastorage-hk-cdn-endpoint.azureedge.net/nft-image/bin/nft/ol/20078.png",
    "salePrice": "0.399 USDT",
    "desc": "Hurt → If the nearest member behind is a Mech member, give the member +2 Power.",
    "name": "Alarm Bot",
    "type": "Members",
    "faction": "Mech",
    "rarity": "Epic",
    "cost": "4",
    "level": "1",
    "exp": "1",
    "foil": "Regular",
    "attack": "4",
    "armor": "10",
    "honor points": "100",
    "source": "Ahoy Box"
  },
  {
    "image": "https://lb2nastorage-hk-cdn-endpoint.azureedge.net/nft-image/bin/nft/ol/20078.png",
    "salePrice": "16 USDT",
    "desc": "Hurt → If the nearest member behind is a Mech member, give the member +4 Power.",
    "name": "Alarm Bot",
    "type": "Members",
    "faction": "Mech",
    "rarity": "Epic",
    "cost": "4",
    "level": "5",
    "exp": "16",
    "foil": "Regular",
    "attack": "8",
    "armor": "14",
    "honor points": "1600",
    "source": "Ahoy Box"
  },
  {
    "image": "https://lb2nastorage-hk-cdn-endpoint.azureedge.net/nft-image/bin/nft/ol/20078.png",
    "salePrice": "23.96 USDT",
    "desc": "Hurt → If the nearest member behind is a Mech member, give the member +5 Power.",
    "name": "Alarm Bot",
    "type": "Members",
    "faction": "Mech",
    "rarity": "Epic",
    "cost": "4",
    "level": "8",
    "exp": "40",
    "foil": "Regular",
    "attack": "11",
    "armor": "17",
    "honor points": "4000",
    "source": "Ahoy Box"
  }
]