[
  {
    "image": "https://lb2nastorage-hk-cdn-endpoint.azureedge.net/nft-image/bin/nft/ol/10001.png",
    "salePrice": "0.004 USDT",
    "desc": "Start of battle → all friendly members gain +1 Power.",
    "name": "Mad Rabbit",
    "type": "Leaders",
    "faction": "Animal",
    "rarity": "Common",
    "cost": "0",
    "level": "1",
    "exp": "1",
    "foil": "Regular",
    "attack": "0",
    "armor": "0",
    "honor points": "5",
    "source": "All"
  },
  {
    "image": "https://lb2nastorage-hk-cdn-endpoint.azureedge.net/nft-image/bin/nft/ol/10001.png",
    "salePrice": "0.02 USDT",
    "desc": "Start of battle → all friendly members gain +1 Power.",
    "name": "Mad Rabbit",
    "type": "Leaders",
    "faction": "Animal",
    "rarity": "Common",
    "cost": "0",
    "level": "2",
    "exp": "5",
    "foil": "Regular",
    "attack": "0",
    "armor": "0",
    "honor points": "25",
    "source": "All"
  },
  {
    "image": "https://lb2nastorage-hk-cdn-endpoint.azureedge.net/nft-image/bin/nft/ol/10001.png",
    "salePrice": "0.129 USDT",
    "desc": "Start of battle → all friendly members gain +1 Power.",
    "name": "Mad Rabbit",
    "type": "Leaders",
    "faction": "Animal",
    "rarity": "Common",
    "cost": "0",
    "level": "4",
    "exp": "43",
    "foil": "Regular",
    "attack": "0",
    "armor": "0",
    "honor points": "215",
    "source": "All"
  },
  {
    "image": "https://lb2nastorage-hk-cdn-endpoint.azureedge.net/nft-image/bin/nft/ol/10001.png",
    "salePrice": "0.23 USDT",
    "desc": "Start of battle → all friendly members gain +2 Power.",
    "name": "Mad Rabbit",
    "type": "Leaders",
    "faction": "Animal",
    "rarity": "Common",
    "cost": "0",
    "level": "5",
    "exp": "60",
    "foil": "Regular",
    "attack": "0",
    "armor": "0",
    "honor points": "300",
    "source": "All"
  },
  {
    "image": "https://lb2nastorage-hk-cdn-endpoint.azureedge.net/nft-image/bin/nft/ol/10001.png",
    "salePrice": "0.492 USDT",
    "desc": "Start of battle → all friendly members gain +2 Power.",
    "name": "Mad Rabbit",
    "type": "Leaders",
    "faction": "Animal",
    "rarity": "Common",
    "cost": "0",
    "level": "6",
    "exp": "123",
    "foil": "Regular",
    "attack": "0",
    "armor": "0",
    "honor points": "615",
    "source": "All"
  }
]