[
  {
    "image": "https://lb2nastorage-hk-cdn-endpoint.azureedge.net/nft-image/bin/nft/ol/20050_g.png",
    "salePrice": "0.29 USDT",
    "desc": "None",
    "name": "Inflatable Hammer(Gold)",
    "type": "Members",
    "faction": "Neutral",
    "rarity": "Rare",
    "cost": "1",
    "level": "1",
    "exp": "1",
    "foil": "Gold",
    "attack": "5",
    "armor": "0",
    "honor points": "200",
    "source": "All"
  },
  {
    "image": "https://lb2nastorage-hk-cdn-endpoint.azureedge.net/nft-image/bin/nft/ol/20050_g.png",
    "salePrice": "3.339 USDT",
    "desc": "None",
    "name": "Inflatable Hammer(Gold)",
    "type": "Members",
    "faction": "Neutral",
    "rarity": "Rare",
    "cost": "1",
    "level": "2",
    "exp": "3",
    "foil": "Gold",
    "attack": "5",
    "armor": "1",
    "honor points": "600",
    "source": "All"
  },
  {
    "image": "https://lb2nastorage-hk-cdn-endpoint.azureedge.net/nft-image/bin/nft/ol/20050_g.png",
    "salePrice": "1.74 USDT",
    "desc": "None",
    "name": "Inflatable Hammer(Gold)",
    "type": "Members",
    "faction": "Neutral",
    "rarity": "Rare",
    "cost": "1",
    "level": "3",
    "exp": "6",
    "foil": "Gold",
    "attack": "5",
    "armor": "2",
    "honor points": "1200",
    "source": "All"
  }
]