[
  {
    "image": "https://lb2nastorage-hk-cdn-endpoint.azureedge.net/nft-image/bin/nft/ol/20058.png",
    "salePrice": "0.1 USDT",
    "desc": "Hurt → gain +2 to 4 Armor.",
    "name": "Radish",
    "type": "Members",
    "faction": "Plant",
    "rarity": "Rare",
    "cost": "3",
    "level": "1",
    "exp": "1",
    "foil": "Regular",
    "attack": "4",
    "armor": "4",
    "honor points": "20",
    "source": "All"
  },
  {
    "image": "https://lb2nastorage-hk-cdn-endpoint.azureedge.net/nft-image/bin/nft/ol/20058.png",
    "salePrice": "2.5 USDT",
    "desc": "Hurt → gain +3 to 5 Armor.",
    "name": "Radish",
    "type": "Members",
    "faction": "Plant",
    "rarity": "Rare",
    "cost": "3",
    "level": "3",
    "exp": "10",
    "foil": "Regular",
    "attack": "6",
    "armor": "4",
    "honor points": "200",
    "source": "All"
  },
  {
    "image": "https://lb2nastorage-hk-cdn-endpoint.azureedge.net/nft-image/bin/nft/ol/20058.png",
    "salePrice": "2.45 USDT",
    "desc": "Hurt → gain +4 to 6 Armor.",
    "name": "Radish",
    "type": "Members",
    "faction": "Plant",
    "rarity": "Rare",
    "cost": "3",
    "level": "5",
    "exp": "35",
    "foil": "Regular",
    "attack": "8",
    "armor": "4",
    "honor points": "700",
    "source": "All"
  }
]