[
  {
    "image": "https://lb2nastorage-hk-cdn-endpoint.azureedge.net/nft-image/bin/nft/ol/20087.png",
    "salePrice": "0.235 USDT",
    "desc": "Hurt → Give +3 Armor to 1 random friendly Dragon member with no Armor.",
    "name": "Frost Dragon",
    "type": "Members",
    "faction": "Dragon",
    "rarity": "Epic",
    "cost": "3",
    "level": "1",
    "exp": "1",
    "foil": "Regular",
    "attack": "2",
    "armor": "12",
    "honor points": "100",
    "source": "Ahoy Box"
  },
  {
    "image": "https://lb2nastorage-hk-cdn-endpoint.azureedge.net/nft-image/bin/nft/ol/20087.png",
    "salePrice": "1.494 USDT",
    "desc": "Hurt → Give +4 Armor to 1 random friendly Dragon member with no Armor.",
    "name": "Frost Dragon",
    "type": "Members",
    "faction": "Dragon",
    "rarity": "Epic",
    "cost": "3",
    "level": "3",
    "exp": "6",
    "foil": "Regular",
    "attack": "2",
    "armor": "16",
    "honor points": "600",
    "source": "Ahoy Box"
  },
  {
    "image": "https://lb2nastorage-hk-cdn-endpoint.azureedge.net/nft-image/bin/nft/ol/20087.png",
    "salePrice": "4.482 USDT",
    "desc": "Hurt → Give +5 Armor to 1 random friendly Dragon member with no Armor.",
    "name": "Frost Dragon",
    "type": "Members",
    "faction": "Dragon",
    "rarity": "Epic",
    "cost": "3",
    "level": "5",
    "exp": "18",
    "foil": "Regular",
    "attack": "2",
    "armor": "20",
    "honor points": "1800",
    "source": "Ahoy Box"
  }
]