[
  {
    "image": "https://lb2nastorage-hk-cdn-endpoint.azureedge.net/nft-image/bin/nft/ol/20021_g.png",
    "salePrice": "1.28 USDT",
    "desc": "Attack and survive → give 1 friendly Animal member(s) +4 to 6 Armor.",
    "name": "Tortoise Bro(Gold)",
    "type": "Members",
    "faction": "Animal",
    "rarity": "Rare",
    "cost": "5",
    "level": "1",
    "exp": "1",
    "foil": "Gold",
    "attack": "6",
    "armor": "6",
    "honor points": "200",
    "source": "All"
  },
  {
    "image": "https://lb2nastorage-hk-cdn-endpoint.azureedge.net/nft-image/bin/nft/ol/20021_g.png",
    "salePrice": "4.41 USDT",
    "desc": "Attack and survive → give 1 friendly Animal member(s) +4 to 6 Armor.",
    "name": "Tortoise Bro(Gold)",
    "type": "Members",
    "faction": "Animal",
    "rarity": "Rare",
    "cost": "5",
    "level": "2",
    "exp": "3",
    "foil": "Gold",
    "attack": "7",
    "armor": "6",
    "honor points": "600",
    "source": "All"
  },
  {
    "image": "https://lb2nastorage-hk-cdn-endpoint.azureedge.net/nft-image/bin/nft/ol/20021_g.png",
    "salePrice": "44.52 USDT",
    "desc": "Attack and survive → give 1 friendly Animal member(s) +5 to 7 Armor.",
    "name": "Tortoise Bro(Gold)",
    "type": "Members",
    "faction": "Animal",
    "rarity": "Rare",
    "cost": "5",
    "level": "3",
    "exp": "6",
    "foil": "Gold",
    "attack": "8",
    "armor": "6",
    "honor points": "1200",
    "source": "All"
  },
  {
    "image": "https://lb2nastorage-hk-cdn-endpoint.azureedge.net/nft-image/bin/nft/ol/20021_g.png",
    "salePrice": "60 USDT",
    "desc": "Attack and survive → give 1 friendly Animal member(s) +7 to 9 Armor.",
    "name": "Tortoise Bro(Gold)",
    "type": "Members",
    "faction": "Animal",
    "rarity": "Rare",
    "cost": "5",
    "level": "5",
    "exp": "15",
    "foil": "Gold",
    "attack": "10",
    "armor": "6",
    "honor points": "3000",
    "source": "All"
  }
]