[
  {
    "image": "https://lb2nastorage-hk-cdn-endpoint.azureedge.net/nft-image/bin/nft/ol/20024.png",
    "salePrice": "6 USDT",
    "desc": "Before attack → deal 1 to 3 damage to the last enemy member.",
    "name": "Frog",
    "type": "Members",
    "faction": "Animal",
    "rarity": "Epic",
    "cost": "4",
    "level": "1",
    "exp": "1",
    "foil": "Regular",
    "attack": "9",
    "armor": "0",
    "honor points": "100",
    "source": "Alchemy"
  },
  {
    "image": "https://lb2nastorage-hk-cdn-endpoint.azureedge.net/nft-image/bin/nft/ol/20024.png",
    "salePrice": "88 USDT",
    "desc": "Before attack → deal 3 to 5 damage to the last enemy member.",
    "name": "Frog",
    "type": "Members",
    "faction": "Animal",
    "rarity": "Epic",
    "cost": "4",
    "level": "5",
    "exp": "16",
    "foil": "Regular",
    "attack": "13",
    "armor": "0",
    "honor points": "1600",
    "source": "Alchemy"
  }
]