[
  {
    "image": "https://lb2nastorage-hk-cdn-endpoint.azureedge.net/nft-image/bin/nft/ol/20023.png",
    "salePrice": "2 USDT",
    "desc": "Before attack → gain +4 Power.",
    "name": "Lion King",
    "type": "Members",
    "faction": "Animal",
    "rarity": "Legendary",
    "cost": "7",
    "level": "1",
    "exp": "1",
    "foil": "Regular",
    "attack": "15",
    "armor": "0",
    "honor points": "500",
    "source": "Ahoy Box"
  },
  {
    "image": "https://lb2nastorage-hk-cdn-endpoint.azureedge.net/nft-image/bin/nft/ol/20023.png",
    "salePrice": "4.2 USDT",
    "desc": "Before attack → gain +4 Power.",
    "name": "Lion King",
    "type": "Members",
    "faction": "Animal",
    "rarity": "Legendary",
    "cost": "7",
    "level": "2",
    "exp": "2",
    "foil": "Regular",
    "attack": "17",
    "armor": "0",
    "honor points": "1000",
    "source": "Ahoy Box"
  },
  {
    "image": "https://lb2nastorage-hk-cdn-endpoint.azureedge.net/nft-image/bin/nft/ol/20023.png",
    "salePrice": "7.9 USDT",
    "desc": "Before attack → gain +5 Power.",
    "name": "Lion King",
    "type": "Members",
    "faction": "Animal",
    "rarity": "Legendary",
    "cost": "7",
    "level": "3",
    "exp": "4",
    "foil": "Regular",
    "attack": "19",
    "armor": "0",
    "honor points": "2000",
    "source": "Ahoy Box"
  },
  {
    "image": "https://lb2nastorage-hk-cdn-endpoint.azureedge.net/nft-image/bin/nft/ol/20023.png",
    "salePrice": "11.94 USDT",
    "desc": "Before attack → gain +5 Power.",
    "name": "Lion King",
    "type": "Members",
    "faction": "Animal",
    "rarity": "Legendary",
    "cost": "7",
    "level": "4",
    "exp": "6",
    "foil": "Regular",
    "attack": "21",
    "armor": "0",
    "honor points": "3000",
    "source": "Ahoy Box"
  },
  {
    "image": "https://lb2nastorage-hk-cdn-endpoint.azureedge.net/nft-image/bin/nft/ol/20023.png",
    "salePrice": "15.2 USDT",
    "desc": "Before attack → gain +6 Power.",
    "name": "Lion King",
    "type": "Members",
    "faction": "Animal",
    "rarity": "Legendary",
    "cost": "7",
    "level": "5",
    "exp": "8",
    "foil": "Regular",
    "attack": "23",
    "armor": "0",
    "honor points": "4000",
    "source": "Ahoy Box"
  },
  {
    "image": "https://lb2nastorage-hk-cdn-endpoint.azureedge.net/nft-image/bin/nft/ol/20023.png",
    "salePrice": "32.3 USDT",
    "desc": "Before attack → gain +7 Power.",
    "name": "Lion King",
    "type": "Members",
    "faction": "Animal",
    "rarity": "Legendary",
    "cost": "7",
    "level": "8",
    "exp": "17",
    "foil": "Regular",
    "attack": "29",
    "armor": "0",
    "honor points": "8500",
    "source": "Ahoy Box"
  },
  {
    "image": "https://lb2nastorage-hk-cdn-endpoint.azureedge.net/nft-image/bin/nft/ol/20023.png",
    "salePrice": "65 USDT",
    "desc": "Before attack → gain +9 Power.",
    "name": "Lion King",
    "type": "Members",
    "faction": "Animal",
    "rarity": "Legendary",
    "cost": "7",
    "level": "10",
    "exp": "26",
    "foil": "Regular",
    "attack": "37",
    "armor": "0",
    "honor points": "13650",
    "source": "Ahoy Box"
  }
]