[
  {
    "image": "https://lb2nastorage-hk-cdn-endpoint.azureedge.net/nft-image/bin/nft/ol/10005_g.png",
    "salePrice": "0.35 USDT",
    "desc": "Before friendly Plant members attack → give +3 Armor to them. <triggered 4 time(s)>",
    "name": "Coconut(Gold)",
    "type": "Leaders",
    "faction": "Plant",
    "rarity": "Rare",
    "cost": "0",
    "level": "1",
    "exp": "1",
    "foil": "Gold",
    "attack": "0",
    "armor": "0",
    "honor points": "200",
    "source": "All"
  },
  {
    "image": "https://lb2nastorage-hk-cdn-endpoint.azureedge.net/nft-image/bin/nft/ol/10005_g.png",
    "salePrice": "1.2 USDT",
    "desc": "Before friendly Plant members attack → give +3 Armor to them. <triggered 4 time(s)>",
    "name": "Coconut(Gold)",
    "type": "Leaders",
    "faction": "Plant",
    "rarity": "Rare",
    "cost": "0",
    "level": "2",
    "exp": "3",
    "foil": "Gold",
    "attack": "0",
    "armor": "0",
    "honor points": "600",
    "source": "All"
  },
  {
    "image": "https://lb2nastorage-hk-cdn-endpoint.azureedge.net/nft-image/bin/nft/ol/10005_g.png",
    "salePrice": "2.4 USDT",
    "desc": "Before friendly Plant members attack → give +4 Armor to them. <triggered 4 time(s)>",
    "name": "Coconut(Gold)",
    "type": "Leaders",
    "faction": "Plant",
    "rarity": "Rare",
    "cost": "0",
    "level": "3",
    "exp": "6",
    "foil": "Gold",
    "attack": "0",
    "armor": "0",
    "honor points": "1200",
    "source": "All"
  },
  {
    "image": "https://lb2nastorage-hk-cdn-endpoint.azureedge.net/nft-image/bin/nft/ol/10005_g.png",
    "salePrice": "4.5 USDT",
    "desc": "Before friendly Plant members attack → give +5 Armor to them. <triggered 4 time(s)>",
    "name": "Coconut(Gold)",
    "type": "Leaders",
    "faction": "Plant",
    "rarity": "Rare",
    "cost": "0",
    "level": "5",
    "exp": "15",
    "foil": "Gold",
    "attack": "0",
    "armor": "0",
    "honor points": "3000",
    "source": "All"
  },
  {
    "image": "https://lb2nastorage-hk-cdn-endpoint.azureedge.net/nft-image/bin/nft/ol/10005_g.png",
    "salePrice": "13.68 USDT",
    "desc": "Before friendly Plant members attack → give +8 Armor to them. <triggered 4 time(s)>",
    "name": "Coconut(Gold)",
    "type": "Leaders",
    "faction": "Plant",
    "rarity": "Rare",
    "cost": "0",
    "level": "8",
    "exp": "36",
    "foil": "Gold",
    "attack": "0",
    "armor": "0",
    "honor points": "7200",
    "source": "All"
  }
]