[
  {
    "image": "https://lb2nastorage-hk-cdn-endpoint.azureedge.net/nft-image/bin/nft/ol/20019_g.png",
    "salePrice": "0.27 USDT",
    "desc": "Knock out an enemy and survive → gain +3 Power.",
    "name": "Greedy Shark(Gold)",
    "type": "Members",
    "faction": "Animal",
    "rarity": "Rare",
    "cost": "3",
    "level": "1",
    "exp": "1",
    "foil": "Gold",
    "attack": "7",
    "armor": "0",
    "honor points": "200",
    "source": "All"
  },
  {
    "image": "https://lb2nastorage-hk-cdn-endpoint.azureedge.net/nft-image/bin/nft/ol/20019_g.png",
    "salePrice": "0.84 USDT",
    "desc": "Knock out an enemy and survive → gain +3 Power.",
    "name": "Greedy Shark(Gold)",
    "type": "Members",
    "faction": "Animal",
    "rarity": "Rare",
    "cost": "3",
    "level": "2",
    "exp": "3",
    "foil": "Gold",
    "attack": "8",
    "armor": "0",
    "honor points": "600",
    "source": "All"
  },
  {
    "image": "https://lb2nastorage-hk-cdn-endpoint.azureedge.net/nft-image/bin/nft/ol/20019_g.png",
    "salePrice": "10.08 USDT",
    "desc": "Knock out an enemy and survive → gain +4 Power.",
    "name": "Greedy Shark(Gold)",
    "type": "Members",
    "faction": "Animal",
    "rarity": "Rare",
    "cost": "3",
    "level": "3",
    "exp": "6",
    "foil": "Gold",
    "attack": "9",
    "armor": "0",
    "honor points": "1200",
    "source": "All"
  },
  {
    "image": "https://lb2nastorage-hk-cdn-endpoint.azureedge.net/nft-image/bin/nft/ol/20019_g.png",
    "salePrice": "3.9 USDT",
    "desc": "Knock out an enemy and survive → gain +5 Power.",
    "name": "Greedy Shark(Gold)",
    "type": "Members",
    "faction": "Animal",
    "rarity": "Rare",
    "cost": "3",
    "level": "5",
    "exp": "15",
    "foil": "Gold",
    "attack": "11",
    "armor": "0",
    "honor points": "3000",
    "source": "All"
  }
]