[
  {
    "image": "https://lb2nastorage-hk-cdn-endpoint.azureedge.net/nft-image/bin/nft/ol/20081.png",
    "salePrice": "0.8 USDT",
    "desc": "Knocked out → Summon 1 <Doggy Bot> or <Kitty Bot> with the same level as this card at the end of the team, and give it <Energy Shield>. (Summon the one not in the team first)",
    "name": "Mech Hatchery",
    "type": "Members",
    "faction": "Mech",
    "rarity": "Epic",
    "cost": "6",
    "level": "1",
    "exp": "1",
    "foil": "Regular",
    "attack": "1",
    "armor": "0",
    "honor points": "100",
    "source": "Ladder Chest"
  },
  {
    "image": "https://lb2nastorage-hk-cdn-endpoint.azureedge.net/nft-image/bin/nft/ol/20081.png",
    "salePrice": "16 USDT",
    "desc": "Knocked out → Summon 1 <Doggy Bot> or <Kitty Bot> with the same level as this card at the end of the team, and give it <Energy Shield>. (Summon the one not in the team first)",
    "name": "Mech Hatchery",
    "type": "Members",
    "faction": "Mech",
    "rarity": "Epic",
    "cost": "6",
    "level": "5",
    "exp": "16",
    "foil": "Regular",
    "attack": "1",
    "armor": "0",
    "honor points": "1600",
    "source": "Ladder Chest"
  }
]