[
  {
    "image": "https://lb2nastorage-hk-cdn-endpoint.azureedge.net/nft-image/bin/nft/ol/20086.png",
    "salePrice": "3.4 USDT",
    "desc": "Friendly Dragon member hurt → Gain 1 Armor.",
    "name": "Terra Dragon",
    "type": "Members",
    "faction": "Dragon",
    "rarity": "Legendary",
    "cost": "4",
    "level": "1",
    "exp": "1",
    "foil": "Regular",
    "attack": "11",
    "armor": "0",
    "honor points": "500",
    "source": "Ahoy Box"
  },
  {
    "image": "https://lb2nastorage-hk-cdn-endpoint.azureedge.net/nft-image/bin/nft/ol/20086.png",
    "salePrice": "11 USDT",
    "desc": "Friendly Dragon member hurt → Gain 2 Armor.",
    "name": "Terra Dragon",
    "type": "Members",
    "faction": "Dragon",
    "rarity": "Legendary",
    "cost": "4",
    "level": "3",
    "exp": "4",
    "foil": "Regular",
    "attack": "13",
    "armor": "2",
    "honor points": "2000",
    "source": "Ahoy Box"
  },
  {
    "image": "https://lb2nastorage-hk-cdn-endpoint.azureedge.net/nft-image/bin/nft/ol/20086.png",
    "salePrice": "21 USDT",
    "desc": "Friendly Dragon member hurt → Gain 3 Armor.",
    "name": "Terra Dragon",
    "type": "Members",
    "faction": "Dragon",
    "rarity": "Legendary",
    "cost": "4",
    "level": "5",
    "exp": "8",
    "foil": "Regular",
    "attack": "15",
    "armor": "4",
    "honor points": "4000",
    "source": "Ahoy Box"
  },
  {
    "image": "https://lb2nastorage-hk-cdn-endpoint.azureedge.net/nft-image/bin/nft/ol/20086.png",
    "salePrice": "75 USDT",
    "desc": "Friendly Dragon member hurt → Gain 4 Armor.",
    "name": "Terra Dragon",
    "type": "Members",
    "faction": "Dragon",
    "rarity": "Legendary",
    "cost": "4",
    "level": "10",
    "exp": "26",
    "foil": "Regular",
    "attack": "20",
    "armor": "17",
    "honor points": "13650",
    "source": "Ahoy Box"
  }
]