[
  {
    "image": "https://lb2nastorage-hk-cdn-endpoint.azureedge.net/nft-image/bin/nft/ol/20025.png",
    "salePrice": "0.6 USDT",
    "desc": "When the attack deals damage → knock out the target directly.",
    "name": "Poison",
    "type": "Members",
    "faction": "Neutral",
    "rarity": "Epic",
    "cost": "3",
    "level": "1",
    "exp": "1",
    "foil": "Regular",
    "attack": "1",
    "armor": "0",
    "honor points": "100",
    "source": "Ahoy Box"
  },
  {
    "image": "https://lb2nastorage-hk-cdn-endpoint.azureedge.net/nft-image/bin/nft/ol/20025.png",
    "salePrice": "5.4 USDT",
    "desc": "When the attack deals damage → knock out the target directly.",
    "name": "Poison",
    "type": "Members",
    "faction": "Neutral",
    "rarity": "Epic",
    "cost": "3",
    "level": "3",
    "exp": "6",
    "foil": "Regular",
    "attack": "3",
    "armor": "0",
    "honor points": "600",
    "source": "Ahoy Box"
  },
  {
    "image": "https://lb2nastorage-hk-cdn-endpoint.azureedge.net/nft-image/bin/nft/ol/20025.png",
    "salePrice": "11.4 USDT",
    "desc": "When the attack deals damage → knock out the target directly.",
    "name": "Poison",
    "type": "Members",
    "faction": "Neutral",
    "rarity": "Epic",
    "cost": "3",
    "level": "4",
    "exp": "10",
    "foil": "Regular",
    "attack": "4",
    "armor": "0",
    "honor points": "1000",
    "source": "Ahoy Box"
  },
  {
    "image": "https://lb2nastorage-hk-cdn-endpoint.azureedge.net/nft-image/bin/nft/ol/20025.png",
    "salePrice": "16.672 USDT",
    "desc": "When the attack deals damage → knock out the target directly.",
    "name": "Poison",
    "type": "Members",
    "faction": "Neutral",
    "rarity": "Epic",
    "cost": "3",
    "level": "5",
    "exp": "16",
    "foil": "Regular",
    "attack": "5",
    "armor": "0",
    "honor points": "1600",
    "source": "Ahoy Box"
  }
]