[
  {
    "image": "https://lb2nastorage-hk-cdn-endpoint.azureedge.net/nft-image/bin/nft/ol/20092.png",
    "salePrice": "0.014 USDT",
    "desc": "None",
    "name": "Wind Dragon",
    "type": "Members",
    "faction": "Dragon",
    "rarity": "Rare",
    "cost": "1",
    "level": "1",
    "exp": "1",
    "foil": "Regular",
    "attack": "5",
    "armor": "2",
    "honor points": "20",
    "source": "All"
  },
  {
    "image": "https://lb2nastorage-hk-cdn-endpoint.azureedge.net/nft-image/bin/nft/ol/20092.png",
    "salePrice": "0.165 USDT",
    "desc": "None",
    "name": "Wind Dragon",
    "type": "Members",
    "faction": "Dragon",
    "rarity": "Rare",
    "cost": "1",
    "level": "3",
    "exp": "11",
    "foil": "Regular",
    "attack": "7",
    "armor": "2",
    "honor points": "220",
    "source": "All"
  }
]