[
  {
    "image": "https://lb2nastorage-hk-cdn-endpoint.azureedge.net/nft-image/bin/nft/ol/20047.png",
    "salePrice": "0.03 USDT",
    "desc": "Start of battle → give adjacent friendly members +2 Power.",
    "name": "Trumpet",
    "type": "Members",
    "faction": "Neutral",
    "rarity": "Rare",
    "cost": "4",
    "level": "1",
    "exp": "1",
    "foil": "Regular",
    "attack": "7",
    "armor": "0",
    "honor points": "20",
    "source": "All"
  },
  {
    "image": "https://lb2nastorage-hk-cdn-endpoint.azureedge.net/nft-image/bin/nft/ol/20047.png",
    "salePrice": "0.12 USDT",
    "desc": "Start of battle → give adjacent friendly members +2 Power.",
    "name": "Trumpet",
    "type": "Members",
    "faction": "Neutral",
    "rarity": "Rare",
    "cost": "4",
    "level": "2",
    "exp": "4",
    "foil": "Regular",
    "attack": "8",
    "armor": "0",
    "honor points": "80",
    "source": "All"
  },
  {
    "image": "https://lb2nastorage-hk-cdn-endpoint.azureedge.net/nft-image/bin/nft/ol/20047.png",
    "salePrice": "0.31 USDT",
    "desc": "Start of battle → give adjacent friendly members +3 Power.",
    "name": "Trumpet",
    "type": "Members",
    "faction": "Neutral",
    "rarity": "Rare",
    "cost": "4",
    "level": "3",
    "exp": "10",
    "foil": "Regular",
    "attack": "9",
    "armor": "0",
    "honor points": "200",
    "source": "All"
  },
  {
    "image": "https://lb2nastorage-hk-cdn-endpoint.azureedge.net/nft-image/bin/nft/ol/20047.png",
    "salePrice": "0.9 USDT",
    "desc": "Start of battle → give adjacent friendly members +3 Power.",
    "name": "Trumpet",
    "type": "Members",
    "faction": "Neutral",
    "rarity": "Rare",
    "cost": "4",
    "level": "4",
    "exp": "20",
    "foil": "Regular",
    "attack": "10",
    "armor": "0",
    "honor points": "400",
    "source": "All"
  },
  {
    "image": "https://lb2nastorage-hk-cdn-endpoint.azureedge.net/nft-image/bin/nft/ol/20047.png",
    "salePrice": "1.05 USDT",
    "desc": "Start of battle → give adjacent friendly members +4 Power.",
    "name": "Trumpet",
    "type": "Members",
    "faction": "Neutral",
    "rarity": "Rare",
    "cost": "4",
    "level": "5",
    "exp": "35",
    "foil": "Regular",
    "attack": "11",
    "armor": "0",
    "honor points": "700",
    "source": "All"
  }
]