[
  {
    "image": "https://lb2nastorage-hk-cdn-endpoint.azureedge.net/nft-image/bin/nft/ol/20009_g.png",
    "salePrice": "0.7 USDT",
    "desc": "Attack and survive → Deal 3 to 4 damage to the nearest member behind the target.",
    "name": "Joyful Lamb(Gold)",
    "type": "Members",
    "faction": "Animal",
    "rarity": "Rare",
    "cost": "4",
    "level": "1",
    "exp": "1",
    "foil": "Gold",
    "attack": "7",
    "armor": "0",
    "honor points": "200",
    "source": "All"
  },
  {
    "image": "https://lb2nastorage-hk-cdn-endpoint.azureedge.net/nft-image/bin/nft/ol/20009_g.png",
    "salePrice": "3.9 USDT",
    "desc": "Attack and survive → Deal 4 to 5 damage to the nearest member behind the target.",
    "name": "Joyful Lamb(Gold)",
    "type": "Members",
    "faction": "Animal",
    "rarity": "Rare",
    "cost": "4",
    "level": "3",
    "exp": "6",
    "foil": "Gold",
    "attack": "9",
    "armor": "0",
    "honor points": "1200",
    "source": "All"
  },
  {
    "image": "https://lb2nastorage-hk-cdn-endpoint.azureedge.net/nft-image/bin/nft/ol/20009_g.png",
    "salePrice": "14.25 USDT",
    "desc": "Attack and survive → Deal 5 to 6 damage to the nearest member behind the target.",
    "name": "Joyful Lamb(Gold)",
    "type": "Members",
    "faction": "Animal",
    "rarity": "Rare",
    "cost": "4",
    "level": "5",
    "exp": "15",
    "foil": "Gold",
    "attack": "11",
    "armor": "0",
    "honor points": "3000",
    "source": "All"
  },
  {
    "image": "https://lb2nastorage-hk-cdn-endpoint.azureedge.net/nft-image/bin/nft/ol/20009_g.png",
    "salePrice": "25 USDT",
    "desc": "Attack and survive → Deal 6 to 8 damage to the nearest member behind the target.",
    "name": "Joyful Lamb(Gold)",
    "type": "Members",
    "faction": "Animal",
    "rarity": "Rare",
    "cost": "4",
    "level": "8",
    "exp": "36",
    "foil": "Gold",
    "attack": "14",
    "armor": "0",
    "honor points": "7200",
    "source": "All"
  }
]