[
  {
    "image": "https://lb2nastorage-hk-cdn-endpoint.azureedge.net/nft-image/bin/nft/ol/20097_g.png",
    "salePrice": "1 USDT",
    "desc": "Knocked out → Summon 1 <Avenger D1> with the same level as this card at the end of the team.",
    "name": "Helper Bot(Gold)",
    "type": "Members",
    "faction": "Mech",
    "rarity": "Rare",
    "cost": "3",
    "level": "1",
    "exp": "1",
    "foil": "Gold",
    "attack": "6",
    "armor": "0",
    "honor points": "200",
    "source": "All"
  },
  {
    "image": "https://lb2nastorage-hk-cdn-endpoint.azureedge.net/nft-image/bin/nft/ol/20097_g.png",
    "salePrice": "12.615 USDT",
    "desc": "Knocked out → Summon 1 <Avenger D1> with the same level as this card at the end of the team.",
    "name": "Helper Bot(Gold)",
    "type": "Members",
    "faction": "Mech",
    "rarity": "Rare",
    "cost": "3",
    "level": "5",
    "exp": "15",
    "foil": "Gold",
    "attack": "10",
    "armor": "0",
    "honor points": "3000",
    "source": "All"
  },
  {
    "image": "https://lb2nastorage-hk-cdn-endpoint.azureedge.net/nft-image/bin/nft/ol/20097_g.png",
    "salePrice": "19.527 USDT",
    "desc": "Knocked out → Summon 1 <Avenger D1> with the same level as this card at the end of the team.",
    "name": "Helper Bot(Gold)",
    "type": "Members",
    "faction": "Mech",
    "rarity": "Rare",
    "cost": "3",
    "level": "6",
    "exp": "23",
    "foil": "Gold",
    "attack": "11",
    "armor": "0",
    "honor points": "4600",
    "source": "All"
  }
]