[
  {
    "image": "https://lb2nastorage-hk-cdn-endpoint.azureedge.net/nft-image/bin/nft/ol/10005.png",
    "salePrice": "0.06 USDT",
    "desc": "Before friendly Plant members attack → give +3 Armor to them. <triggered 4 time(s)>",
    "name": "Coconut",
    "type": "Leaders",
    "faction": "Plant",
    "rarity": "Rare",
    "cost": "0",
    "level": "1",
    "exp": "2",
    "foil": "Regular",
    "attack": "0",
    "armor": "0",
    "honor points": "40",
    "source": "All"
  },
  {
    "image": "https://lb2nastorage-hk-cdn-endpoint.azureedge.net/nft-image/bin/nft/ol/10005.png",
    "salePrice": "0.15 USDT",
    "desc": "Before friendly Plant members attack → give +3 Armor to them. <triggered 4 time(s)>",
    "name": "Coconut",
    "type": "Leaders",
    "faction": "Plant",
    "rarity": "Rare",
    "cost": "0",
    "level": "2",
    "exp": "5",
    "foil": "Regular",
    "attack": "0",
    "armor": "0",
    "honor points": "100",
    "source": "All"
  },
  {
    "image": "https://lb2nastorage-hk-cdn-endpoint.azureedge.net/nft-image/bin/nft/ol/10005.png",
    "salePrice": "0.666 USDT",
    "desc": "Before friendly Plant members attack → give +4 Armor to them. <triggered 4 time(s)>",
    "name": "Coconut",
    "type": "Leaders",
    "faction": "Plant",
    "rarity": "Rare",
    "cost": "0",
    "level": "3",
    "exp": "18",
    "foil": "Regular",
    "attack": "0",
    "armor": "0",
    "honor points": "360",
    "source": "All"
  },
  {
    "image": "https://lb2nastorage-hk-cdn-endpoint.azureedge.net/nft-image/bin/nft/ol/10005.png",
    "salePrice": "0.8 USDT",
    "desc": "Before friendly Plant members attack → give +4 Armor to them. <triggered 4 time(s)>",
    "name": "Coconut",
    "type": "Leaders",
    "faction": "Plant",
    "rarity": "Rare",
    "cost": "0",
    "level": "4",
    "exp": "20",
    "foil": "Regular",
    "attack": "0",
    "armor": "0",
    "honor points": "400",
    "source": "All"
  },
  {
    "image": "https://lb2nastorage-hk-cdn-endpoint.azureedge.net/nft-image/bin/nft/ol/10005.png",
    "salePrice": "1.23 USDT",
    "desc": "Before friendly Plant members attack → give +5 Armor to them. <triggered 4 time(s)>",
    "name": "Coconut",
    "type": "Leaders",
    "faction": "Plant",
    "rarity": "Rare",
    "cost": "0",
    "level": "5",
    "exp": "41",
    "foil": "Regular",
    "attack": "0",
    "armor": "0",
    "honor points": "820",
    "source": "All"
  },
  {
    "image": "https://lb2nastorage-hk-cdn-endpoint.azureedge.net/nft-image/bin/nft/ol/10005.png",
    "salePrice": "2 USDT",
    "desc": "Before friendly Plant members attack → give +5 Armor to them. <triggered 4 time(s)>",
    "name": "Coconut",
    "type": "Leaders",
    "faction": "Plant",
    "rarity": "Rare",
    "cost": "0",
    "level": "6",
    "exp": "55",
    "foil": "Regular",
    "attack": "0",
    "armor": "0",
    "honor points": "1100",
    "source": "All"
  }
]