[
  {
    "image": "https://lb2nastorage-hk-cdn-endpoint.azureedge.net/nft-image/bin/nft/ol/20023_g.png",
    "salePrice": "7.35 USDT",
    "desc": "Before attack → gain +4 Power.",
    "name": "Lion King(Gold)",
    "type": "Members",
    "faction": "Animal",
    "rarity": "Legendary",
    "cost": "7",
    "level": "1",
    "exp": "1",
    "foil": "Gold",
    "attack": "15",
    "armor": "0",
    "honor points": "5000",
    "source": "Ahoy Box"
  },
  {
    "image": "https://lb2nastorage-hk-cdn-endpoint.azureedge.net/nft-image/bin/nft/ol/20023_g.png",
    "salePrice": "52.15 USDT",
    "desc": "Before attack → gain +6 Power.",
    "name": "Lion King(Gold)",
    "type": "Members",
    "faction": "Animal",
    "rarity": "Legendary",
    "cost": "7",
    "level": "5",
    "exp": "7",
    "foil": "Gold",
    "attack": "23",
    "armor": "0",
    "honor points": "35000",
    "source": "Ahoy Box"
  }
]