[
  {
    "image": "https://lb2nastorage-hk-cdn-endpoint.azureedge.net/nft-image/bin/nft/ol/20018.png",
    "salePrice": "0.23 USDT",
    "desc": "Friendly members summoned → give them +2 Power.",
    "name": "Dancer Zombie",
    "type": "Members",
    "faction": "Zombie",
    "rarity": "Rare",
    "cost": "5",
    "level": "1",
    "exp": "1",
    "foil": "Regular",
    "attack": "6",
    "armor": "0",
    "honor points": "20",
    "source": "All"
  },
  {
    "image": "https://lb2nastorage-hk-cdn-endpoint.azureedge.net/nft-image/bin/nft/ol/20018.png",
    "salePrice": "1.5 USDT",
    "desc": "Friendly members summoned → give them +2 Power.",
    "name": "Dancer Zombie",
    "type": "Members",
    "faction": "Zombie",
    "rarity": "Rare",
    "cost": "5",
    "level": "2",
    "exp": "6",
    "foil": "Regular",
    "attack": "7",
    "armor": "0",
    "honor points": "120",
    "source": "All"
  },
  {
    "image": "https://lb2nastorage-hk-cdn-endpoint.azureedge.net/nft-image/bin/nft/ol/20018.png",
    "salePrice": "1.78 USDT",
    "desc": "Friendly members summoned → give them +3 Power.",
    "name": "Dancer Zombie",
    "type": "Members",
    "faction": "Zombie",
    "rarity": "Rare",
    "cost": "5",
    "level": "3",
    "exp": "10",
    "foil": "Regular",
    "attack": "8",
    "armor": "0",
    "honor points": "200",
    "source": "All"
  },
  {
    "image": "https://lb2nastorage-hk-cdn-endpoint.azureedge.net/nft-image/bin/nft/ol/20018.png",
    "salePrice": "6.265 USDT",
    "desc": "Friendly members summoned → give them +4 Power.",
    "name": "Dancer Zombie",
    "type": "Members",
    "faction": "Zombie",
    "rarity": "Rare",
    "cost": "5",
    "level": "5",
    "exp": "35",
    "foil": "Regular",
    "attack": "10",
    "armor": "0",
    "honor points": "700",
    "source": "All"
  }
]