[
  {
    "image": "https://lb2nastorage-hk-cdn-endpoint.azureedge.net/nft-image/bin/nft/ol/20030_g.png",
    "salePrice": "6.4 USDT",
    "desc": "Knocked out → If any friendly Zombie members (except <Prince Zombie>) are alive, summon <Prince Zombie> at the end of the team.",
    "name": "Prince Zombie(Gold)",
    "type": "Members",
    "faction": "Zombie",
    "rarity": "Legendary",
    "cost": "3",
    "level": "1",
    "exp": "1",
    "foil": "Gold",
    "attack": "8",
    "armor": "0",
    "honor points": "5000",
    "source": "Ahoy Box"
  },
  {
    "image": "https://lb2nastorage-hk-cdn-endpoint.azureedge.net/nft-image/bin/nft/ol/20030_g.png",
    "salePrice": "15 USDT",
    "desc": "Knocked out → If any friendly Zombie members (except <Prince Zombie>) are alive, summon <Prince Zombie> at the end of the team.",
    "name": "Prince Zombie(Gold)",
    "type": "Members",
    "faction": "Zombie",
    "rarity": "Legendary",
    "cost": "3",
    "level": "2",
    "exp": "2",
    "foil": "Gold",
    "attack": "9",
    "armor": "0",
    "honor points": "10000",
    "source": "Ahoy Box"
  },
  {
    "image": "https://lb2nastorage-hk-cdn-endpoint.azureedge.net/nft-image/bin/nft/ol/20030_g.png",
    "salePrice": "24 USDT",
    "desc": "Knocked out → If any friendly Zombie members (except <Prince Zombie>) are alive, summon <Prince Zombie> at the end of the team.",
    "name": "Prince Zombie(Gold)",
    "type": "Members",
    "faction": "Zombie",
    "rarity": "Legendary",
    "cost": "3",
    "level": "3",
    "exp": "3",
    "foil": "Gold",
    "attack": "10",
    "armor": "0",
    "honor points": "15000",
    "source": "Ahoy Box"
  },
  {
    "image": "https://lb2nastorage-hk-cdn-endpoint.azureedge.net/nft-image/bin/nft/ol/20030_g.png",
    "salePrice": "49.95 USDT",
    "desc": "Knocked out → If any friendly Zombie members (except <Prince Zombie>) are alive, summon <Prince Zombie> at the end of the team.",
    "name": "Prince Zombie(Gold)",
    "type": "Members",
    "faction": "Zombie",
    "rarity": "Legendary",
    "cost": "3",
    "level": "4",
    "exp": "5",
    "foil": "Gold",
    "attack": "11",
    "armor": "0",
    "honor points": "25000",
    "source": "Ahoy Box"
  },
  {
    "image": "https://lb2nastorage-hk-cdn-endpoint.azureedge.net/nft-image/bin/nft/ol/20030_g.png",
    "salePrice": "46.2 USDT",
    "desc": "Knocked out → If any friendly Zombie members (except <Prince Zombie>) are alive, summon <Prince Zombie> at the end of the team.",
    "name": "Prince Zombie(Gold)",
    "type": "Members",
    "faction": "Zombie",
    "rarity": "Legendary",
    "cost": "3",
    "level": "5",
    "exp": "7",
    "foil": "Gold",
    "attack": "12",
    "armor": "0",
    "honor points": "35000",
    "source": "Ahoy Box"
  }
]