[
  {
    "image": "https://lb2nastorage-hk-cdn-endpoint.azureedge.net/nft-image/bin/nft/ol/20035_g.png",
    "salePrice": "0.55 USDT",
    "desc": "None",
    "name": "Lobster(Gold)",
    "type": "Members",
    "faction": "Animal",
    "rarity": "Rare",
    "cost": "2",
    "level": "1",
    "exp": "1",
    "foil": "Gold",
    "attack": "4",
    "armor": "6",
    "honor points": "200",
    "source": "All"
  },
  {
    "image": "https://lb2nastorage-hk-cdn-endpoint.azureedge.net/nft-image/bin/nft/ol/20035_g.png",
    "salePrice": "2.64 USDT",
    "desc": "None",
    "name": "Lobster(Gold)",
    "type": "Members",
    "faction": "Animal",
    "rarity": "Rare",
    "cost": "2",
    "level": "2",
    "exp": "3",
    "foil": "Gold",
    "attack": "5",
    "armor": "6",
    "honor points": "600",
    "source": "All"
  },
  {
    "image": "https://lb2nastorage-hk-cdn-endpoint.azureedge.net/nft-image/bin/nft/ol/20035_g.png",
    "salePrice": "12.9 USDT",
    "desc": "None",
    "name": "Lobster(Gold)",
    "type": "Members",
    "faction": "Animal",
    "rarity": "Rare",
    "cost": "2",
    "level": "5",
    "exp": "15",
    "foil": "Gold",
    "attack": "8",
    "armor": "6",
    "honor points": "3000",
    "source": "All"
  }
]