[
  {
    "image": "https://lb2nastorage-hk-cdn-endpoint.azureedge.net/nft-image/bin/nft/ol/20056.png",
    "salePrice": "0.004 USDT",
    "desc": "None",
    "name": "Axe",
    "type": "Members",
    "faction": "Neutral",
    "rarity": "Common",
    "cost": "4",
    "level": "1",
    "exp": "1",
    "foil": "Regular",
    "attack": "9",
    "armor": "0",
    "honor points": "5",
    "source": "All"
  },
  {
    "image": "https://lb2nastorage-hk-cdn-endpoint.azureedge.net/nft-image/bin/nft/ol/20056.png",
    "salePrice": "0.025 USDT",
    "desc": "None",
    "name": "Axe",
    "type": "Members",
    "faction": "Neutral",
    "rarity": "Common",
    "cost": "4",
    "level": "2",
    "exp": "7",
    "foil": "Regular",
    "attack": "10",
    "armor": "0",
    "honor points": "35",
    "source": "All"
  },
  {
    "image": "https://lb2nastorage-hk-cdn-endpoint.azureedge.net/nft-image/bin/nft/ol/20056.png",
    "salePrice": "0.06 USDT",
    "desc": "None",
    "name": "Axe",
    "type": "Members",
    "faction": "Neutral",
    "rarity": "Common",
    "cost": "4",
    "level": "3",
    "exp": "15",
    "foil": "Regular",
    "attack": "11",
    "armor": "0",
    "honor points": "75",
    "source": "All"
  },
  {
    "image": "https://lb2nastorage-hk-cdn-endpoint.azureedge.net/nft-image/bin/nft/ol/20056.png",
    "salePrice": "0.12 USDT",
    "desc": "None",
    "name": "Axe",
    "type": "Members",
    "faction": "Neutral",
    "rarity": "Common",
    "cost": "4",
    "level": "4",
    "exp": "30",
    "foil": "Regular",
    "attack": "12",
    "armor": "0",
    "honor points": "150",
    "source": "All"
  }
]