[
  {
    "image": "https://lb2nastorage-hk-cdn-endpoint.azureedge.net/nft-image/bin/nft/ol/20014_g.png",
    "salePrice": "0.21 USDT",
    "desc": "Before attack → all friendly <Frying Pan> gain +1 Power.",
    "name": "Turner(Gold)",
    "type": "Members",
    "faction": "Neutral",
    "rarity": "Rare",
    "cost": "4",
    "level": "1",
    "exp": "1",
    "foil": "Gold",
    "attack": "7",
    "armor": "0",
    "honor points": "200",
    "source": "All"
  },
  {
    "image": "https://lb2nastorage-hk-cdn-endpoint.azureedge.net/nft-image/bin/nft/ol/20014_g.png",
    "salePrice": "1.62 USDT",
    "desc": "Before attack → all friendly <Frying Pan> gain +2 Power.",
    "name": "Turner(Gold)",
    "type": "Members",
    "faction": "Neutral",
    "rarity": "Rare",
    "cost": "4",
    "level": "3",
    "exp": "6",
    "foil": "Gold",
    "attack": "9",
    "armor": "0",
    "honor points": "1200",
    "source": "All"
  },
  {
    "image": "https://lb2nastorage-hk-cdn-endpoint.azureedge.net/nft-image/bin/nft/ol/20014_g.png",
    "salePrice": "3 USDT",
    "desc": "Before attack → all friendly <Frying Pan> gain +3 Power.",
    "name": "Turner(Gold)",
    "type": "Members",
    "faction": "Neutral",
    "rarity": "Rare",
    "cost": "4",
    "level": "5",
    "exp": "16",
    "foil": "Gold",
    "attack": "11",
    "armor": "0",
    "honor points": "3200",
    "source": "All"
  }
]