[
  {
    "image": "https://lb2nastorage-hk-cdn-endpoint.azureedge.net/nft-image/bin/nft/ol/10002_g.png",
    "salePrice": "0.03 USDT",
    "desc": "Start of battle → all friendly members gain +1 Power.",
    "name": "Mr. Corn(Gold)",
    "type": "Leaders",
    "faction": "Plant",
    "rarity": "Common",
    "cost": "0",
    "level": "1",
    "exp": "1",
    "foil": "Gold",
    "attack": "0",
    "armor": "0",
    "honor points": "50",
    "source": "All"
  },
  {
    "image": "https://lb2nastorage-hk-cdn-endpoint.azureedge.net/nft-image/bin/nft/ol/10002_g.png",
    "salePrice": "0.24 USDT",
    "desc": "Start of battle → all friendly members gain +1 Power.",
    "name": "Mr. Corn(Gold)",
    "type": "Leaders",
    "faction": "Plant",
    "rarity": "Common",
    "cost": "0",
    "level": "2",
    "exp": "4",
    "foil": "Gold",
    "attack": "0",
    "armor": "0",
    "honor points": "200",
    "source": "All"
  },
  {
    "image": "https://lb2nastorage-hk-cdn-endpoint.azureedge.net/nft-image/bin/nft/ol/10002_g.png",
    "salePrice": "0.624 USDT",
    "desc": "Start of battle → all friendly members gain +1 Power.",
    "name": "Mr. Corn(Gold)",
    "type": "Leaders",
    "faction": "Plant",
    "rarity": "Common",
    "cost": "0",
    "level": "3",
    "exp": "13",
    "foil": "Gold",
    "attack": "0",
    "armor": "0",
    "honor points": "650",
    "source": "All"
  },
  {
    "image": "https://lb2nastorage-hk-cdn-endpoint.azureedge.net/nft-image/bin/nft/ol/10002_g.png",
    "salePrice": "0.78 USDT",
    "desc": "Start of battle → all friendly members gain +2 Power.",
    "name": "Mr. Corn(Gold)",
    "type": "Leaders",
    "faction": "Plant",
    "rarity": "Common",
    "cost": "0",
    "level": "5",
    "exp": "26",
    "foil": "Gold",
    "attack": "0",
    "armor": "0",
    "honor points": "1300",
    "source": "All"
  }
]