[
  {
    "image": "https://lb2nastorage-hk-cdn-endpoint.azureedge.net/nft-image/bin/nft/ol/20041.png",
    "salePrice": "0.004 USDT",
    "desc": "None",
    "name": "Hardshell Nut",
    "type": "Members",
    "faction": "Plant",
    "rarity": "Common",
    "cost": "3",
    "level": "1",
    "exp": "1",
    "foil": "Regular",
    "attack": "3",
    "armor": "8",
    "honor points": "5",
    "source": "All"
  },
  {
    "image": "https://lb2nastorage-hk-cdn-endpoint.azureedge.net/nft-image/bin/nft/ol/20041.png",
    "salePrice": "0.03 USDT",
    "desc": "None",
    "name": "Hardshell Nut",
    "type": "Members",
    "faction": "Plant",
    "rarity": "Common",
    "cost": "3",
    "level": "2",
    "exp": "8",
    "foil": "Regular",
    "attack": "4",
    "armor": "8",
    "honor points": "40",
    "source": "All"
  },
  {
    "image": "https://lb2nastorage-hk-cdn-endpoint.azureedge.net/nft-image/bin/nft/ol/20041.png",
    "salePrice": "0.084 USDT",
    "desc": "None",
    "name": "Hardshell Nut",
    "type": "Members",
    "faction": "Plant",
    "rarity": "Common",
    "cost": "3",
    "level": "3",
    "exp": "21",
    "foil": "Regular",
    "attack": "5",
    "armor": "8",
    "honor points": "105",
    "source": "All"
  },
  {
    "image": "https://lb2nastorage-hk-cdn-endpoint.azureedge.net/nft-image/bin/nft/ol/20041.png",
    "salePrice": "0.272 USDT",
    "desc": "None",
    "name": "Hardshell Nut",
    "type": "Members",
    "faction": "Plant",
    "rarity": "Common",
    "cost": "3",
    "level": "4",
    "exp": "34",
    "foil": "Regular",
    "attack": "6",
    "armor": "8",
    "honor points": "170",
    "source": "All"
  },
  {
    "image": "https://lb2nastorage-hk-cdn-endpoint.azureedge.net/nft-image/bin/nft/ol/20041.png",
    "salePrice": "0.3 USDT",
    "desc": "None",
    "name": "Hardshell Nut",
    "type": "Members",
    "faction": "Plant",
    "rarity": "Common",
    "cost": "3",
    "level": "5",
    "exp": "60",
    "foil": "Regular",
    "attack": "7",
    "armor": "8",
    "honor points": "300",
    "source": "All"
  }
]