[
  {
    "image": "https://lb2nastorage-hk-cdn-endpoint.azureedge.net/nft-image/bin/nft/ol/20117_g.png",
    "salePrice": "119 USDT",
    "desc": "An egg filled with mysterious energy. It can be used as an merge material for any card of the same rarity and foil.",
    "name": "Legendary Miracle Egg(Gold)",
    "type": "Members",
    "faction": "Neutral",
    "rarity": "Legendary",
    "cost": "9",
    "level": "1",
    "exp": "1",
    "foil": "Gold",
    "attack": "2",
    "armor": "0",
    "honor points": "5000",
    "source": "Reward"
  }
]