[
  {
    "image": "https://lb2nastorage-hk-cdn-endpoint.azureedge.net/nft-image/bin/nft/ol/10014_g.png",
    "salePrice": "1.99 USDT",
    "desc": "Friendly Plant members hurt → gain +6 Armor. <triggered 4 time(s)>",
    "name": "Grandpa Broccoli(Gold)",
    "type": "Leaders",
    "faction": "Plant",
    "rarity": "Epic",
    "cost": "2",
    "level": "1",
    "exp": "1",
    "foil": "Gold",
    "attack": "0",
    "armor": "0",
    "honor points": "1000",
    "source": "Ahoy Box"
  },
  {
    "image": "https://lb2nastorage-hk-cdn-endpoint.azureedge.net/nft-image/bin/nft/ol/10014_g.png",
    "salePrice": "4.98 USDT",
    "desc": "Friendly Plant members hurt → gain +6 Armor. <triggered 4 time(s)>",
    "name": "Grandpa Broccoli(Gold)",
    "type": "Leaders",
    "faction": "Plant",
    "rarity": "Epic",
    "cost": "2",
    "level": "2",
    "exp": "2",
    "foil": "Gold",
    "attack": "0",
    "armor": "0",
    "honor points": "2000",
    "source": "Ahoy Box"
  },
  {
    "image": "https://lb2nastorage-hk-cdn-endpoint.azureedge.net/nft-image/bin/nft/ol/10014_g.png",
    "salePrice": "9.96 USDT",
    "desc": "Friendly Plant members hurt → gain +8 Armor. <triggered 4 time(s)>",
    "name": "Grandpa Broccoli(Gold)",
    "type": "Leaders",
    "faction": "Plant",
    "rarity": "Epic",
    "cost": "2",
    "level": "3",
    "exp": "4",
    "foil": "Gold",
    "attack": "0",
    "armor": "0",
    "honor points": "4000",
    "source": "Ahoy Box"
  },
  {
    "image": "https://lb2nastorage-hk-cdn-endpoint.azureedge.net/nft-image/bin/nft/ol/10014_g.png",
    "salePrice": "76.978 USDT",
    "desc": "Friendly Plant members hurt → gain +10 Armor. <triggered 4 time(s)>",
    "name": "Grandpa Broccoli(Gold)",
    "type": "Leaders",
    "faction": "Plant",
    "rarity": "Epic",
    "cost": "2",
    "level": "5",
    "exp": "11",
    "foil": "Gold",
    "attack": "0",
    "armor": "0",
    "honor points": "11000",
    "source": "Ahoy Box"
  }
]