[
  {
    "image": "https://lb2nastorage-hk-cdn-endpoint.azureedge.net/nft-image/bin/nft/ol/20065_g.png",
    "salePrice": "0.32 USDT",
    "desc": "Hurt → deal 2 to 4 damage back to the member that hurt this card.",
    "name": "Raging Shield(Gold)",
    "type": "Members",
    "faction": "Neutral",
    "rarity": "Rare",
    "cost": "4",
    "level": "1",
    "exp": "1",
    "foil": "Gold",
    "attack": "3",
    "armor": "8",
    "honor points": "200",
    "source": "All"
  },
  {
    "image": "https://lb2nastorage-hk-cdn-endpoint.azureedge.net/nft-image/bin/nft/ol/20065_g.png",
    "salePrice": "0.96 USDT",
    "desc": "Hurt → deal 2 to 4 damage back to the member that hurt this card.",
    "name": "Raging Shield(Gold)",
    "type": "Members",
    "faction": "Neutral",
    "rarity": "Rare",
    "cost": "4",
    "level": "2",
    "exp": "3",
    "foil": "Gold",
    "attack": "3",
    "armor": "10",
    "honor points": "600",
    "source": "All"
  },
  {
    "image": "https://lb2nastorage-hk-cdn-endpoint.azureedge.net/nft-image/bin/nft/ol/20065_g.png",
    "salePrice": "1.68 USDT",
    "desc": "Hurt → deal 3 to 5 damage back to the member that hurt this card.",
    "name": "Raging Shield(Gold)",
    "type": "Members",
    "faction": "Neutral",
    "rarity": "Rare",
    "cost": "4",
    "level": "3",
    "exp": "6",
    "foil": "Gold",
    "attack": "3",
    "armor": "12",
    "honor points": "1200",
    "source": "All"
  },
  {
    "image": "https://lb2nastorage-hk-cdn-endpoint.azureedge.net/nft-image/bin/nft/ol/20065_g.png",
    "salePrice": "5.22 USDT",
    "desc": "Hurt → deal 4 to 6 damage back to the member that hurt this card.",
    "name": "Raging Shield(Gold)",
    "type": "Members",
    "faction": "Neutral",
    "rarity": "Rare",
    "cost": "4",
    "level": "5",
    "exp": "15",
    "foil": "Gold",
    "attack": "3",
    "armor": "16",
    "honor points": "3000",
    "source": "All"
  }
]