[
  {
    "image": "https://lb2nastorage-hk-cdn-endpoint.azureedge.net/nft-image/bin/nft/ol/20003.png",
    "salePrice": "0.004 USDT",
    "desc": "None",
    "name": "Death Knight",
    "type": "Members",
    "faction": "Zombie",
    "rarity": "Common",
    "cost": "4",
    "level": "1",
    "exp": "1",
    "foil": "Regular",
    "attack": "9",
    "armor": "0",
    "honor points": "5",
    "source": "All"
  },
  {
    "image": "https://lb2nastorage-hk-cdn-endpoint.azureedge.net/nft-image/bin/nft/ol/20003.png",
    "salePrice": "0.028 USDT",
    "desc": "None",
    "name": "Death Knight",
    "type": "Members",
    "faction": "Zombie",
    "rarity": "Common",
    "cost": "4",
    "level": "2",
    "exp": "7",
    "foil": "Regular",
    "attack": "10",
    "armor": "0",
    "honor points": "35",
    "source": "All"
  },
  {
    "image": "https://lb2nastorage-hk-cdn-endpoint.azureedge.net/nft-image/bin/nft/ol/20003.png",
    "salePrice": "0.113 USDT",
    "desc": "None",
    "name": "Death Knight",
    "type": "Members",
    "faction": "Zombie",
    "rarity": "Common",
    "cost": "4",
    "level": "3",
    "exp": "29",
    "foil": "Regular",
    "attack": "11",
    "armor": "0",
    "honor points": "145",
    "source": "All"
  },
  {
    "image": "https://lb2nastorage-hk-cdn-endpoint.azureedge.net/nft-image/bin/nft/ol/20003.png",
    "salePrice": "0.196 USDT",
    "desc": "None",
    "name": "Death Knight",
    "type": "Members",
    "faction": "Zombie",
    "rarity": "Common",
    "cost": "4",
    "level": "4",
    "exp": "49",
    "foil": "Regular",
    "attack": "12",
    "armor": "0",
    "honor points": "245",
    "source": "All"
  },
  {
    "image": "https://lb2nastorage-hk-cdn-endpoint.azureedge.net/nft-image/bin/nft/ol/20003.png",
    "salePrice": "0.3 USDT",
    "desc": "None",
    "name": "Death Knight",
    "type": "Members",
    "faction": "Zombie",
    "rarity": "Common",
    "cost": "4",
    "level": "5",
    "exp": "60",
    "foil": "Regular",
    "attack": "13",
    "armor": "0",
    "honor points": "300",
    "source": "All"
  },
  {
    "image": "https://lb2nastorage-hk-cdn-endpoint.azureedge.net/nft-image/bin/nft/ol/20003.png",
    "salePrice": "0.412 USDT",
    "desc": "None",
    "name": "Death Knight",
    "type": "Members",
    "faction": "Zombie",
    "rarity": "Common",
    "cost": "4",
    "level": "6",
    "exp": "103",
    "foil": "Regular",
    "attack": "14",
    "armor": "0",
    "honor points": "515",
    "source": "All"
  }
]