[
  {
    "image": "https://lb2nastorage-hk-cdn-endpoint.azureedge.net/nft-image/bin/nft/ol/20035.png",
    "salePrice": "0.011 USDT",
    "desc": "None",
    "name": "Lobster",
    "type": "Members",
    "faction": "Animal",
    "rarity": "Rare",
    "cost": "2",
    "level": "1",
    "exp": "1",
    "foil": "Regular",
    "attack": "4",
    "armor": "6",
    "honor points": "20",
    "source": "All"
  },
  {
    "image": "https://lb2nastorage-hk-cdn-endpoint.azureedge.net/nft-image/bin/nft/ol/20035.png",
    "salePrice": "0.08 USDT",
    "desc": "None",
    "name": "Lobster",
    "type": "Members",
    "faction": "Animal",
    "rarity": "Rare",
    "cost": "2",
    "level": "2",
    "exp": "4",
    "foil": "Regular",
    "attack": "5",
    "armor": "6",
    "honor points": "80",
    "source": "All"
  },
  {
    "image": "https://lb2nastorage-hk-cdn-endpoint.azureedge.net/nft-image/bin/nft/ol/20035.png",
    "salePrice": "0.18 USDT",
    "desc": "None",
    "name": "Lobster",
    "type": "Members",
    "faction": "Animal",
    "rarity": "Rare",
    "cost": "2",
    "level": "3",
    "exp": "10",
    "foil": "Regular",
    "attack": "6",
    "armor": "6",
    "honor points": "200",
    "source": "All"
  }
]