[
  {
    "image": "https://lb2nastorage-hk-cdn-endpoint.azureedge.net/nft-image/bin/nft/ol/10010.png",
    "salePrice": "3.459 USDT",
    "desc": "Friendly Dragon members gain Armor → the enemy member with the highest Power reduces 3 Power. <triggered 4 time(s)>",
    "name": "Deception Dragon",
    "type": "Leaders",
    "faction": "Dragon",
    "rarity": "Epic",
    "cost": "2",
    "level": "1",
    "exp": "1",
    "foil": "Regular",
    "attack": "0",
    "armor": "0",
    "honor points": "100",
    "source": "Ahoy Box"
  },
  {
    "image": "https://lb2nastorage-hk-cdn-endpoint.azureedge.net/nft-image/bin/nft/ol/10010.png",
    "salePrice": "15 USDT",
    "desc": "Friendly Dragon members gain Armor → the enemy member with the highest Power reduces 3 Power. <triggered 4 time(s)>",
    "name": "Deception Dragon",
    "type": "Leaders",
    "faction": "Dragon",
    "rarity": "Epic",
    "cost": "2",
    "level": "2",
    "exp": "3",
    "foil": "Regular",
    "attack": "0",
    "armor": "0",
    "honor points": "300",
    "source": "Ahoy Box"
  },
  {
    "image": "https://lb2nastorage-hk-cdn-endpoint.azureedge.net/nft-image/bin/nft/ol/10010.png",
    "salePrice": "19.8 USDT",
    "desc": "Friendly Dragon members gain Armor → the enemy member with the highest Power reduces 4 Power. <triggered 4 time(s)>",
    "name": "Deception Dragon",
    "type": "Leaders",
    "faction": "Dragon",
    "rarity": "Epic",
    "cost": "2",
    "level": "3",
    "exp": "8",
    "foil": "Regular",
    "attack": "0",
    "armor": "0",
    "honor points": "800",
    "source": "Ahoy Box"
  },
  {
    "image": "https://lb2nastorage-hk-cdn-endpoint.azureedge.net/nft-image/bin/nft/ol/10010.png",
    "salePrice": "47.68 USDT",
    "desc": "Friendly Dragon members gain Armor → the enemy member with the highest Power reduces 5 Power. <triggered 4 time(s)>",
    "name": "Deception Dragon",
    "type": "Leaders",
    "faction": "Dragon",
    "rarity": "Epic",
    "cost": "2",
    "level": "5",
    "exp": "16",
    "foil": "Regular",
    "attack": "0",
    "armor": "0",
    "honor points": "1600",
    "source": "Ahoy Box"
  }
]