[
  {
    "image": "https://lb2nastorage-hk-cdn-endpoint.azureedge.net/nft-image/bin/nft/ol/20073.png",
    "salePrice": "0.4 USDT",
    "desc": "Hurt → give the nearest member behind <Energy Shield>.",
    "name": "Support Bot",
    "type": "Members",
    "faction": "Mech",
    "rarity": "Epic",
    "cost": "4",
    "level": "1",
    "exp": "1",
    "foil": "Regular",
    "attack": "2",
    "armor": "10",
    "honor points": "100",
    "source": "Ahoy Box"
  },
  {
    "image": "https://lb2nastorage-hk-cdn-endpoint.azureedge.net/nft-image/bin/nft/ol/20073.png",
    "salePrice": "1.2 USDT",
    "desc": "Hurt → give the nearest member behind <Energy Shield>.",
    "name": "Support Bot",
    "type": "Members",
    "faction": "Mech",
    "rarity": "Epic",
    "cost": "4",
    "level": "2",
    "exp": "3",
    "foil": "Regular",
    "attack": "2",
    "armor": "11",
    "honor points": "300",
    "source": "Ahoy Box"
  },
  {
    "image": "https://lb2nastorage-hk-cdn-endpoint.azureedge.net/nft-image/bin/nft/ol/20073.png",
    "salePrice": "1.734 USDT",
    "desc": "Hurt → give the nearest member behind <Energy Shield>.",
    "name": "Support Bot",
    "type": "Members",
    "faction": "Mech",
    "rarity": "Epic",
    "cost": "4",
    "level": "3",
    "exp": "6",
    "foil": "Regular",
    "attack": "2",
    "armor": "12",
    "honor points": "600",
    "source": "Ahoy Box"
  },
  {
    "image": "https://lb2nastorage-hk-cdn-endpoint.azureedge.net/nft-image/bin/nft/ol/20073.png",
    "salePrice": "4 USDT",
    "desc": "Hurt → give the nearest member behind <Energy Shield>.",
    "name": "Support Bot",
    "type": "Members",
    "faction": "Mech",
    "rarity": "Epic",
    "cost": "4",
    "level": "4",
    "exp": "10",
    "foil": "Regular",
    "attack": "2",
    "armor": "13",
    "honor points": "1000",
    "source": "Ahoy Box"
  }
]