[
  {
    "image": "https://lb2nastorage-hk-cdn-endpoint.azureedge.net/nft-image/bin/nft/ol/10009.png",
    "salePrice": "0.18 USDT",
    "desc": "Start of battle → reduce the first and last enemy member's Power by 4.",
    "name": "Inferno Dragon",
    "type": "Leaders",
    "faction": "Dragon",
    "rarity": "Rare",
    "cost": "0",
    "level": "1",
    "exp": "1",
    "foil": "Regular",
    "attack": "0",
    "armor": "0",
    "honor points": "20",
    "source": "All"
  },
  {
    "image": "https://lb2nastorage-hk-cdn-endpoint.azureedge.net/nft-image/bin/nft/ol/10009.png",
    "salePrice": "1.89 USDT",
    "desc": "Start of battle → reduce the first and last enemy member's Power by 5.",
    "name": "Inferno Dragon",
    "type": "Leaders",
    "faction": "Dragon",
    "rarity": "Rare",
    "cost": "0",
    "level": "3",
    "exp": "10",
    "foil": "Regular",
    "attack": "0",
    "armor": "0",
    "honor points": "200",
    "source": "All"
  },
  {
    "image": "https://lb2nastorage-hk-cdn-endpoint.azureedge.net/nft-image/bin/nft/ol/10009.png",
    "salePrice": "6.615 USDT",
    "desc": "Start of battle → reduce the first and last enemy member's Power by 7.",
    "name": "Inferno Dragon",
    "type": "Leaders",
    "faction": "Dragon",
    "rarity": "Rare",
    "cost": "0",
    "level": "5",
    "exp": "35",
    "foil": "Regular",
    "attack": "0",
    "armor": "0",
    "honor points": "700",
    "source": "All"
  }
]