[
  {
    "image": "https://lb2nastorage-hk-cdn-endpoint.azureedge.net/nft-image/bin/nft/ol/10003_g.png",
    "salePrice": "0.04 USDT",
    "desc": "Start of battle → all friendly members gain +1 Power.",
    "name": "Zombie Baby(Gold)",
    "type": "Leaders",
    "faction": "Zombie",
    "rarity": "Common",
    "cost": "0",
    "level": "1",
    "exp": "1",
    "foil": "Gold",
    "attack": "0",
    "armor": "0",
    "honor points": "50",
    "source": "All"
  },
  {
    "image": "https://lb2nastorage-hk-cdn-endpoint.azureedge.net/nft-image/bin/nft/ol/10003_g.png",
    "salePrice": "0.56 USDT",
    "desc": "Start of battle → all friendly members gain +1 Power.",
    "name": "Zombie Baby(Gold)",
    "type": "Leaders",
    "faction": "Zombie",
    "rarity": "Common",
    "cost": "0",
    "level": "2",
    "exp": "4",
    "foil": "Gold",
    "attack": "0",
    "armor": "0",
    "honor points": "200",
    "source": "All"
  },
  {
    "image": "https://lb2nastorage-hk-cdn-endpoint.azureedge.net/nft-image/bin/nft/ol/10003_g.png",
    "salePrice": "0.36 USDT",
    "desc": "Start of battle → all friendly members gain +1 Power.",
    "name": "Zombie Baby(Gold)",
    "type": "Leaders",
    "faction": "Zombie",
    "rarity": "Common",
    "cost": "0",
    "level": "3",
    "exp": "9",
    "foil": "Gold",
    "attack": "0",
    "armor": "0",
    "honor points": "450",
    "source": "All"
  },
  {
    "image": "https://lb2nastorage-hk-cdn-endpoint.azureedge.net/nft-image/bin/nft/ol/10003_g.png",
    "salePrice": "0.56 USDT",
    "desc": "Start of battle → all friendly members gain +1 Power.",
    "name": "Zombie Baby(Gold)",
    "type": "Leaders",
    "faction": "Zombie",
    "rarity": "Common",
    "cost": "0",
    "level": "4",
    "exp": "16",
    "foil": "Gold",
    "attack": "0",
    "armor": "0",
    "honor points": "800",
    "source": "All"
  },
  {
    "image": "https://lb2nastorage-hk-cdn-endpoint.azureedge.net/nft-image/bin/nft/ol/10003_g.png",
    "salePrice": "1.014 USDT",
    "desc": "Start of battle → all friendly members gain +2 Power.",
    "name": "Zombie Baby(Gold)",
    "type": "Leaders",
    "faction": "Zombie",
    "rarity": "Common",
    "cost": "0",
    "level": "5",
    "exp": "26",
    "foil": "Gold",
    "attack": "0",
    "armor": "0",
    "honor points": "1300",
    "source": "All"
  },
  {
    "image": "https://lb2nastorage-hk-cdn-endpoint.azureedge.net/nft-image/bin/nft/ol/10003_g.png",
    "salePrice": "1.26 USDT",
    "desc": "Start of battle → all friendly members gain +2 Power.",
    "name": "Zombie Baby(Gold)",
    "type": "Leaders",
    "faction": "Zombie",
    "rarity": "Common",
    "cost": "0",
    "level": "6",
    "exp": "42",
    "foil": "Gold",
    "attack": "0",
    "armor": "0",
    "honor points": "2100",
    "source": "All"
  },
  {
    "image": "https://lb2nastorage-hk-cdn-endpoint.azureedge.net/nft-image/bin/nft/ol/10003_g.png",
    "salePrice": "5 USDT",
    "desc": "Start of battle → all friendly members gain +2 Power.",
    "name": "Zombie Baby(Gold)",
    "type": "Leaders",
    "faction": "Zombie",
    "rarity": "Common",
    "cost": "0",
    "level": "7",
    "exp": "76",
    "foil": "Gold",
    "attack": "0",
    "armor": "0",
    "honor points": "3800",
    "source": "All"
  }
]