[
  {
    "image": "https://lb2nastorage-hk-cdn-endpoint.azureedge.net/nft-image/bin/nft/ol/10016_g.png",
    "salePrice": "0.038 USDT",
    "desc": "Start of battle → all friendly members gain +1 Power.",
    "name": "Mini Robot(Gold)",
    "type": "Leaders",
    "faction": "Mech",
    "rarity": "Common",
    "cost": "0",
    "level": "1",
    "exp": "1",
    "foil": "Gold",
    "attack": "0",
    "armor": "0",
    "honor points": "50",
    "source": "All"
  },
  {
    "image": "https://lb2nastorage-hk-cdn-endpoint.azureedge.net/nft-image/bin/nft/ol/10016_g.png",
    "salePrice": "0.2 USDT",
    "desc": "Start of battle → all friendly members gain +1 Power.",
    "name": "Mini Robot(Gold)",
    "type": "Leaders",
    "faction": "Mech",
    "rarity": "Common",
    "cost": "0",
    "level": "2",
    "exp": "4",
    "foil": "Gold",
    "attack": "0",
    "armor": "0",
    "honor points": "200",
    "source": "All"
  },
  {
    "image": "https://lb2nastorage-hk-cdn-endpoint.azureedge.net/nft-image/bin/nft/ol/10016_g.png",
    "salePrice": "1.36 USDT",
    "desc": "Start of battle → all friendly members gain +1 Power.",
    "name": "Mini Robot(Gold)",
    "type": "Leaders",
    "faction": "Mech",
    "rarity": "Common",
    "cost": "0",
    "level": "4",
    "exp": "17",
    "foil": "Gold",
    "attack": "0",
    "armor": "0",
    "honor points": "850",
    "source": "All"
  },
  {
    "image": "https://lb2nastorage-hk-cdn-endpoint.azureedge.net/nft-image/bin/nft/ol/10016_g.png",
    "salePrice": "1.716 USDT",
    "desc": "Start of battle → all friendly members gain +2 Power.",
    "name": "Mini Robot(Gold)",
    "type": "Leaders",
    "faction": "Mech",
    "rarity": "Common",
    "cost": "0",
    "level": "5",
    "exp": "26",
    "foil": "Gold",
    "attack": "0",
    "armor": "0",
    "honor points": "1300",
    "source": "All"
  }
]