[
  {
    "image": "https://lb2nastorage-hk-cdn-endpoint.azureedge.net/nft-image/bin/nft/ol/20079.png",
    "salePrice": "0.014 USDT",
    "desc": "Knocked out → Give <Energy Shield> to 1 friendly Mech member(s) with the same level or lower.",
    "name": "ES-67",
    "type": "Members",
    "faction": "Mech",
    "rarity": "Rare",
    "cost": "4",
    "level": "1",
    "exp": "1",
    "foil": "Regular",
    "attack": "5",
    "armor": "0",
    "honor points": "20",
    "source": "All"
  },
  {
    "image": "https://lb2nastorage-hk-cdn-endpoint.azureedge.net/nft-image/bin/nft/ol/20079.png",
    "salePrice": "0.555 USDT",
    "desc": "Knocked out → Give <Energy Shield> to 1 friendly Mech member(s) with the same level or lower.",
    "name": "ES-67",
    "type": "Members",
    "faction": "Mech",
    "rarity": "Rare",
    "cost": "4",
    "level": "5",
    "exp": "37",
    "foil": "Regular",
    "attack": "9",
    "armor": "0",
    "honor points": "740",
    "source": "All"
  }
]