[
  {
    "image": "https://lb2nastorage-hk-cdn-endpoint.azureedge.net/nft-image/bin/nft/ol/20052_g.png",
    "salePrice": "0.5 USDT",
    "desc": "Knocked out → summon 1 <UFO Bro> with the same level as this card at the end of the team.",
    "name": "UFO(Gold)",
    "type": "Members",
    "faction": "Neutral",
    "rarity": "Rare",
    "cost": "7",
    "level": "1",
    "exp": "2",
    "foil": "Gold",
    "attack": "7",
    "armor": "6",
    "honor points": "400",
    "source": "All"
  },
  {
    "image": "https://lb2nastorage-hk-cdn-endpoint.azureedge.net/nft-image/bin/nft/ol/20052_g.png",
    "salePrice": "2 USDT",
    "desc": "Knocked out → summon 1 <UFO Bro> with the same level as this card at the end of the team.",
    "name": "UFO(Gold)",
    "type": "Members",
    "faction": "Neutral",
    "rarity": "Rare",
    "cost": "7",
    "level": "2",
    "exp": "5",
    "foil": "Gold",
    "attack": "8",
    "armor": "7",
    "honor points": "1000",
    "source": "All"
  },
  {
    "image": "https://lb2nastorage-hk-cdn-endpoint.azureedge.net/nft-image/bin/nft/ol/20052_g.png",
    "salePrice": "0.9 USDT",
    "desc": "Knocked out → summon 1 <UFO Bro> with the same level as this card at the end of the team.",
    "name": "UFO(Gold)",
    "type": "Members",
    "faction": "Neutral",
    "rarity": "Rare",
    "cost": "7",
    "level": "3",
    "exp": "6",
    "foil": "Gold",
    "attack": "9",
    "armor": "8",
    "honor points": "1200",
    "source": "All"
  },
  {
    "image": "https://lb2nastorage-hk-cdn-endpoint.azureedge.net/nft-image/bin/nft/ol/20052_g.png",
    "salePrice": "3 USDT",
    "desc": "Knocked out → summon 1 <UFO Bro> with the same level as this card at the end of the team.",
    "name": "UFO(Gold)",
    "type": "Members",
    "faction": "Neutral",
    "rarity": "Rare",
    "cost": "7",
    "level": "5",
    "exp": "15",
    "foil": "Gold",
    "attack": "11",
    "armor": "10",
    "honor points": "3000",
    "source": "All"
  }
]