[
  {
    "image": "https://lb2nastorage-hk-cdn-endpoint.azureedge.net/nft-image/bin/nft/ol/20006_g.png",
    "salePrice": "1.4 USDT",
    "desc": "Start of battle → the first friendly member gain +3 Power.",
    "name": "Ammo Crate(Gold)",
    "type": "Members",
    "faction": "Neutral",
    "rarity": "Epic",
    "cost": "2",
    "level": "1",
    "exp": "1",
    "foil": "Gold",
    "attack": "6",
    "armor": "0",
    "honor points": "1000",
    "source": "Ahoy Box"
  },
  {
    "image": "https://lb2nastorage-hk-cdn-endpoint.azureedge.net/nft-image/bin/nft/ol/20006_g.png",
    "salePrice": "25 USDT",
    "desc": "Start of battle → the first friendly member gain +5 Power.",
    "name": "Ammo Crate(Gold)",
    "type": "Members",
    "faction": "Neutral",
    "rarity": "Epic",
    "cost": "2",
    "level": "5",
    "exp": "11",
    "foil": "Gold",
    "attack": "10",
    "armor": "0",
    "honor points": "11000",
    "source": "Ahoy Box"
  }
]