[
  {
    "image": "https://lb2nastorage-hk-cdn-endpoint.azureedge.net/nft-image/bin/nft/ol/20033.png",
    "salePrice": "0.007 USDT",
    "desc": "None",
    "name": "Friendly Hen",
    "type": "Members",
    "faction": "Animal",
    "rarity": "Common",
    "cost": "2",
    "level": "1",
    "exp": "2",
    "foil": "Regular",
    "attack": "5",
    "armor": "0",
    "honor points": "10",
    "source": "All"
  },
  {
    "image": "https://lb2nastorage-hk-cdn-endpoint.azureedge.net/nft-image/bin/nft/ol/20033.png",
    "salePrice": "0.02 USDT",
    "desc": "None",
    "name": "Friendly Hen",
    "type": "Members",
    "faction": "Animal",
    "rarity": "Common",
    "cost": "2",
    "level": "2",
    "exp": "5",
    "foil": "Regular",
    "attack": "5",
    "armor": "1",
    "honor points": "25",
    "source": "All"
  },
  {
    "image": "https://lb2nastorage-hk-cdn-endpoint.azureedge.net/nft-image/bin/nft/ol/20033.png",
    "salePrice": "0.06 USDT",
    "desc": "None",
    "name": "Friendly Hen",
    "type": "Members",
    "faction": "Animal",
    "rarity": "Common",
    "cost": "2",
    "level": "3",
    "exp": "15",
    "foil": "Regular",
    "attack": "5",
    "armor": "2",
    "honor points": "75",
    "source": "All"
  },
  {
    "image": "https://lb2nastorage-hk-cdn-endpoint.azureedge.net/nft-image/bin/nft/ol/20033.png",
    "salePrice": "0.184 USDT",
    "desc": "None",
    "name": "Friendly Hen",
    "type": "Members",
    "faction": "Animal",
    "rarity": "Common",
    "cost": "2",
    "level": "4",
    "exp": "46",
    "foil": "Regular",
    "attack": "5",
    "armor": "3",
    "honor points": "230",
    "source": "All"
  },
  {
    "image": "https://lb2nastorage-hk-cdn-endpoint.azureedge.net/nft-image/bin/nft/ol/20033.png",
    "salePrice": "0.24 USDT",
    "desc": "None",
    "name": "Friendly Hen",
    "type": "Members",
    "faction": "Animal",
    "rarity": "Common",
    "cost": "2",
    "level": "5",
    "exp": "60",
    "foil": "Regular",
    "attack": "5",
    "armor": "4",
    "honor points": "300",
    "source": "All"
  },
  {
    "image": "https://lb2nastorage-hk-cdn-endpoint.azureedge.net/nft-image/bin/nft/ol/20033.png",
    "salePrice": "0.416 USDT",
    "desc": "None",
    "name": "Friendly Hen",
    "type": "Members",
    "faction": "Animal",
    "rarity": "Common",
    "cost": "2",
    "level": "6",
    "exp": "104",
    "foil": "Regular",
    "attack": "5",
    "armor": "5",
    "honor points": "520",
    "source": "All"
  }
]