[
  {
    "image": "https://lb2nastorage-hk-cdn-endpoint.azureedge.net/nft-image/bin/nft/ol/20084.png",
    "salePrice": "3.69 USDT",
    "desc": "Friendly members gain <Energy Shield> → Deal 2 to 4 damage to the first and last enemy member.",
    "name": "Deterrent Bot",
    "type": "Members",
    "faction": "Mech",
    "rarity": "Legendary",
    "cost": "5",
    "level": "1",
    "exp": "1",
    "foil": "Regular",
    "attack": "4",
    "armor": "10",
    "honor points": "500",
    "source": "Ahoy Box"
  },
  {
    "image": "https://lb2nastorage-hk-cdn-endpoint.azureedge.net/nft-image/bin/nft/ol/20084.png",
    "salePrice": "39.2 USDT",
    "desc": "Friendly members gain <Energy Shield> → Deal 3 to 5 damage to the first and last enemy member.",
    "name": "Deterrent Bot",
    "type": "Members",
    "faction": "Mech",
    "rarity": "Legendary",
    "cost": "5",
    "level": "3",
    "exp": "4",
    "foil": "Regular",
    "attack": "6",
    "armor": "12",
    "honor points": "2000",
    "source": "Ahoy Box"
  },
  {
    "image": "https://lb2nastorage-hk-cdn-endpoint.azureedge.net/nft-image/bin/nft/ol/20084.png",
    "salePrice": "28.8 USDT",
    "desc": "Friendly members gain <Energy Shield> → Deal 4 to 6 damage to the first and last enemy member.",
    "name": "Deterrent Bot",
    "type": "Members",
    "faction": "Mech",
    "rarity": "Legendary",
    "cost": "5",
    "level": "5",
    "exp": "8",
    "foil": "Regular",
    "attack": "8",
    "armor": "14",
    "honor points": "4000",
    "source": "Ahoy Box"
  }
]