[
  {
    "image": "https://lb2nastorage-hk-cdn-endpoint.azureedge.net/nft-image/bin/nft/ol/20056_g.png",
    "salePrice": "0.039 USDT",
    "desc": "None",
    "name": "Axe(Gold)",
    "type": "Members",
    "faction": "Neutral",
    "rarity": "Common",
    "cost": "4",
    "level": "1",
    "exp": "1",
    "foil": "Gold",
    "attack": "9",
    "armor": "0",
    "honor points": "50",
    "source": "All"
  },
  {
    "image": "https://lb2nastorage-hk-cdn-endpoint.azureedge.net/nft-image/bin/nft/ol/20056_g.png",
    "salePrice": "0.192 USDT",
    "desc": "None",
    "name": "Axe(Gold)",
    "type": "Members",
    "faction": "Neutral",
    "rarity": "Common",
    "cost": "4",
    "level": "2",
    "exp": "4",
    "foil": "Gold",
    "attack": "10",
    "armor": "0",
    "honor points": "200",
    "source": "All"
  },
  {
    "image": "https://lb2nastorage-hk-cdn-endpoint.azureedge.net/nft-image/bin/nft/ol/20056_g.png",
    "salePrice": "0.432 USDT",
    "desc": "None",
    "name": "Axe(Gold)",
    "type": "Members",
    "faction": "Neutral",
    "rarity": "Common",
    "cost": "4",
    "level": "3",
    "exp": "9",
    "foil": "Gold",
    "attack": "11",
    "armor": "0",
    "honor points": "450",
    "source": "All"
  },
  {
    "image": "https://lb2nastorage-hk-cdn-endpoint.azureedge.net/nft-image/bin/nft/ol/20056_g.png",
    "salePrice": "0.768 USDT",
    "desc": "None",
    "name": "Axe(Gold)",
    "type": "Members",
    "faction": "Neutral",
    "rarity": "Common",
    "cost": "4",
    "level": "4",
    "exp": "16",
    "foil": "Gold",
    "attack": "12",
    "armor": "0",
    "honor points": "800",
    "source": "All"
  },
  {
    "image": "https://lb2nastorage-hk-cdn-endpoint.azureedge.net/nft-image/bin/nft/ol/20056_g.png",
    "salePrice": "1.269 USDT",
    "desc": "None",
    "name": "Axe(Gold)",
    "type": "Members",
    "faction": "Neutral",
    "rarity": "Common",
    "cost": "4",
    "level": "5",
    "exp": "27",
    "foil": "Gold",
    "attack": "13",
    "armor": "0",
    "honor points": "1350",
    "source": "All"
  }
]