[
  {
    "image": "https://lb2nastorage-hk-cdn-endpoint.azureedge.net/nft-image/bin/nft/ol/10013.png",
    "salePrice": "0.043 USDT",
    "desc": "Friendly Animal members knock out an enemy and survive → gain +2 Power. <triggered 4 time(s)>",
    "name": "Uncle Elk",
    "type": "Leaders",
    "faction": "Animal",
    "rarity": "Rare",
    "cost": "0",
    "level": "1",
    "exp": "1",
    "foil": "Regular",
    "attack": "0",
    "armor": "0",
    "honor points": "20",
    "source": "All"
  },
  {
    "image": "https://lb2nastorage-hk-cdn-endpoint.azureedge.net/nft-image/bin/nft/ol/10013.png",
    "salePrice": "0.172 USDT",
    "desc": "Friendly Animal members knock out an enemy and survive → gain +2 Power. <triggered 4 time(s)>",
    "name": "Uncle Elk",
    "type": "Leaders",
    "faction": "Animal",
    "rarity": "Rare",
    "cost": "0",
    "level": "2",
    "exp": "4",
    "foil": "Regular",
    "attack": "0",
    "armor": "0",
    "honor points": "80",
    "source": "All"
  },
  {
    "image": "https://lb2nastorage-hk-cdn-endpoint.azureedge.net/nft-image/bin/nft/ol/10013.png",
    "salePrice": "0.42 USDT",
    "desc": "Friendly Animal members knock out an enemy and survive → gain +3 Power. <triggered 4 time(s)>",
    "name": "Uncle Elk",
    "type": "Leaders",
    "faction": "Animal",
    "rarity": "Rare",
    "cost": "0",
    "level": "3",
    "exp": "10",
    "foil": "Regular",
    "attack": "0",
    "armor": "0",
    "honor points": "200",
    "source": "All"
  },
  {
    "image": "https://lb2nastorage-hk-cdn-endpoint.azureedge.net/nft-image/bin/nft/ol/10013.png",
    "salePrice": "1.505 USDT",
    "desc": "Friendly Animal members knock out an enemy and survive → gain +4 Power. <triggered 4 time(s)>",
    "name": "Uncle Elk",
    "type": "Leaders",
    "faction": "Animal",
    "rarity": "Rare",
    "cost": "0",
    "level": "5",
    "exp": "35",
    "foil": "Regular",
    "attack": "0",
    "armor": "0",
    "honor points": "700",
    "source": "All"
  },
  {
    "image": "https://lb2nastorage-hk-cdn-endpoint.azureedge.net/nft-image/bin/nft/ol/10013.png",
    "salePrice": "2.31 USDT",
    "desc": "Friendly Animal members knock out an enemy and survive → gain +4 Power. <triggered 4 time(s)>",
    "name": "Uncle Elk",
    "type": "Leaders",
    "faction": "Animal",
    "rarity": "Rare",
    "cost": "0",
    "level": "6",
    "exp": "55",
    "foil": "Regular",
    "attack": "0",
    "armor": "0",
    "honor points": "1100",
    "source": "All"
  }
]