[
  {
    "image": "https://lb2nastorage-hk-cdn-endpoint.azureedge.net/nft-image/bin/nft/ol/20012.png",
    "salePrice": "0.64 USDT",
    "desc": "Knocked out → Summon a random <Death Whisper> Zombie member with the same level as this card at the end of the team.",
    "name": "Clown Zombie",
    "type": "Members",
    "faction": "Zombie",
    "rarity": "Epic",
    "cost": "4",
    "level": "1",
    "exp": "1",
    "foil": "Regular",
    "attack": "1",
    "armor": "0",
    "honor points": "100",
    "source": "Ahoy Box"
  },
  {
    "image": "https://lb2nastorage-hk-cdn-endpoint.azureedge.net/nft-image/bin/nft/ol/20012.png",
    "salePrice": "6.264 USDT",
    "desc": "Knocked out → Summon a random <Death Whisper> Zombie member with the same level as this card at the end of the team.",
    "name": "Clown Zombie",
    "type": "Members",
    "faction": "Zombie",
    "rarity": "Epic",
    "cost": "4",
    "level": "2",
    "exp": "3",
    "foil": "Regular",
    "attack": "2",
    "armor": "0",
    "honor points": "300",
    "source": "Ahoy Box"
  },
  {
    "image": "https://lb2nastorage-hk-cdn-endpoint.azureedge.net/nft-image/bin/nft/ol/20012.png",
    "salePrice": "2.8 USDT",
    "desc": "Knocked out → Summon a random <Death Whisper> Zombie member with the same level as this card at the end of the team.",
    "name": "Clown Zombie",
    "type": "Members",
    "faction": "Zombie",
    "rarity": "Epic",
    "cost": "4",
    "level": "3",
    "exp": "6",
    "foil": "Regular",
    "attack": "3",
    "armor": "0",
    "honor points": "600",
    "source": "Ahoy Box"
  },
  {
    "image": "https://lb2nastorage-hk-cdn-endpoint.azureedge.net/nft-image/bin/nft/ol/20012.png",
    "salePrice": "9.2 USDT",
    "desc": "Knocked out → Summon a random <Death Whisper> Zombie member with the same level as this card at the end of the team.",
    "name": "Clown Zombie",
    "type": "Members",
    "faction": "Zombie",
    "rarity": "Epic",
    "cost": "4",
    "level": "5",
    "exp": "16",
    "foil": "Regular",
    "attack": "5",
    "armor": "0",
    "honor points": "1600",
    "source": "Ahoy Box"
  },
  {
    "image": "https://lb2nastorage-hk-cdn-endpoint.azureedge.net/nft-image/bin/nft/ol/20012.png",
    "salePrice": "24 USDT",
    "desc": "Knocked out → Summon a random <Death Whisper> Zombie member with the same level as this card at the end of the team.",
    "name": "Clown Zombie",
    "type": "Members",
    "faction": "Zombie",
    "rarity": "Epic",
    "cost": "4",
    "level": "8",
    "exp": "40",
    "foil": "Regular",
    "attack": "8",
    "armor": "0",
    "honor points": "4000",
    "source": "Ahoy Box"
  }
]