[
  {
    "image": "https://lb2nastorage-hk-cdn-endpoint.azureedge.net/nft-image/bin/nft/ol/10014.png",
    "salePrice": "0.53 USDT",
    "desc": "Friendly Plant members hurt → gain +6 Armor. <triggered 4 time(s)>",
    "name": "Grandpa Broccoli",
    "type": "Leaders",
    "faction": "Plant",
    "rarity": "Epic",
    "cost": "2",
    "level": "1",
    "exp": "1",
    "foil": "Regular",
    "attack": "0",
    "armor": "0",
    "honor points": "100",
    "source": "Ahoy Box"
  },
  {
    "image": "https://lb2nastorage-hk-cdn-endpoint.azureedge.net/nft-image/bin/nft/ol/10014.png",
    "salePrice": "1.59 USDT",
    "desc": "Friendly Plant members hurt → gain +6 Armor. <triggered 4 time(s)>",
    "name": "Grandpa Broccoli",
    "type": "Leaders",
    "faction": "Plant",
    "rarity": "Epic",
    "cost": "2",
    "level": "2",
    "exp": "3",
    "foil": "Regular",
    "attack": "0",
    "armor": "0",
    "honor points": "300",
    "source": "Ahoy Box"
  },
  {
    "image": "https://lb2nastorage-hk-cdn-endpoint.azureedge.net/nft-image/bin/nft/ol/10014.png",
    "salePrice": "3 USDT",
    "desc": "Friendly Plant members hurt → gain +8 Armor. <triggered 4 time(s)>",
    "name": "Grandpa Broccoli",
    "type": "Leaders",
    "faction": "Plant",
    "rarity": "Epic",
    "cost": "2",
    "level": "3",
    "exp": "6",
    "foil": "Regular",
    "attack": "0",
    "armor": "0",
    "honor points": "600",
    "source": "Ahoy Box"
  },
  {
    "image": "https://lb2nastorage-hk-cdn-endpoint.azureedge.net/nft-image/bin/nft/ol/10014.png",
    "salePrice": "6.4 USDT",
    "desc": "Friendly Plant members hurt → gain +10 Armor. <triggered 4 time(s)>",
    "name": "Grandpa Broccoli",
    "type": "Leaders",
    "faction": "Plant",
    "rarity": "Epic",
    "cost": "2",
    "level": "5",
    "exp": "16",
    "foil": "Regular",
    "attack": "0",
    "armor": "0",
    "honor points": "1600",
    "source": "Ahoy Box"
  },
  {
    "image": "https://lb2nastorage-hk-cdn-endpoint.azureedge.net/nft-image/bin/nft/ol/10014.png",
    "salePrice": "12.4 USDT",
    "desc": "Friendly Plant members hurt → gain +10 Armor. <triggered 4 time(s)>",
    "name": "Grandpa Broccoli",
    "type": "Leaders",
    "faction": "Plant",
    "rarity": "Epic",
    "cost": "2",
    "level": "7",
    "exp": "31",
    "foil": "Regular",
    "attack": "0",
    "armor": "0",
    "honor points": "3100",
    "source": "Ahoy Box"
  },
  {
    "image": "https://lb2nastorage-hk-cdn-endpoint.azureedge.net/nft-image/bin/nft/ol/10014.png",
    "salePrice": "15.2 USDT",
    "desc": "Friendly Plant members hurt → gain +12 Armor. <triggered 4 time(s)>",
    "name": "Grandpa Broccoli",
    "type": "Leaders",
    "faction": "Plant",
    "rarity": "Epic",
    "cost": "2",
    "level": "8",
    "exp": "40",
    "foil": "Regular",
    "attack": "0",
    "armor": "0",
    "honor points": "4000",
    "source": "Ahoy Box"
  }
]