[
  {
    "image": "https://lb2nastorage-hk-cdn-endpoint.azureedge.net/nft-image/bin/nft/ol/20120.png",
    "salePrice": "498 USDT",
    "desc": "Hurt → Summon 1 <Clown Zombie> with the same level as this card at the end of the team.",
    "name": "PEPE",
    "type": "Members",
    "faction": "Zombie",
    "rarity": "Mythic",
    "cost": "7",
    "level": "1",
    "exp": "1",
    "foil": "Regular",
    "attack": "10",
    "armor": "10",
    "honor points": "60",
    "source": "Mythic Box"
  }
]