[
  {
    "image": "https://lb2nastorage-hk-cdn-endpoint.azureedge.net/nft-image/bin/nft/ol/20031_g.png",
    "salePrice": "0.038 USDT",
    "desc": "None",
    "name": "Broom(Gold)",
    "type": "Members",
    "faction": "Neutral",
    "rarity": "Common",
    "cost": "3",
    "level": "1",
    "exp": "1",
    "foil": "Gold",
    "attack": "7",
    "armor": "0",
    "honor points": "50",
    "source": "All"
  },
  {
    "image": "https://lb2nastorage-hk-cdn-endpoint.azureedge.net/nft-image/bin/nft/ol/20031_g.png",
    "salePrice": "0.14 USDT",
    "desc": "None",
    "name": "Broom(Gold)",
    "type": "Members",
    "faction": "Neutral",
    "rarity": "Common",
    "cost": "3",
    "level": "2",
    "exp": "4",
    "foil": "Gold",
    "attack": "8",
    "armor": "0",
    "honor points": "200",
    "source": "All"
  },
  {
    "image": "https://lb2nastorage-hk-cdn-endpoint.azureedge.net/nft-image/bin/nft/ol/20031_g.png",
    "salePrice": "0.333 USDT",
    "desc": "None",
    "name": "Broom(Gold)",
    "type": "Members",
    "faction": "Neutral",
    "rarity": "Common",
    "cost": "3",
    "level": "3",
    "exp": "9",
    "foil": "Gold",
    "attack": "9",
    "armor": "0",
    "honor points": "450",
    "source": "All"
  },
  {
    "image": "https://lb2nastorage-hk-cdn-endpoint.azureedge.net/nft-image/bin/nft/ol/20031_g.png",
    "salePrice": "0.897 USDT",
    "desc": "None",
    "name": "Broom(Gold)",
    "type": "Members",
    "faction": "Neutral",
    "rarity": "Common",
    "cost": "3",
    "level": "4",
    "exp": "23",
    "foil": "Gold",
    "attack": "10",
    "armor": "0",
    "honor points": "1150",
    "source": "All"
  },
  {
    "image": "https://lb2nastorage-hk-cdn-endpoint.azureedge.net/nft-image/bin/nft/ol/20031_g.png",
    "salePrice": "1.222 USDT",
    "desc": "None",
    "name": "Broom(Gold)",
    "type": "Members",
    "faction": "Neutral",
    "rarity": "Common",
    "cost": "3",
    "level": "5",
    "exp": "26",
    "foil": "Gold",
    "attack": "11",
    "armor": "0",
    "honor points": "1300",
    "source": "All"
  }
]