[
  {
    "image": "https://lb2nastorage-hk-cdn-endpoint.azureedge.net/nft-image/bin/nft/ol/20036_g.png",
    "salePrice": "66 USDT",
    "desc": "Knocked out → Deal 2 to 4 damage to the enemy member with the highest Power. <triggered 3 time(s)>",
    "name": "Party Zombie(Gold)",
    "type": "Members",
    "faction": "Zombie",
    "rarity": "Epic",
    "cost": "2",
    "level": "5",
    "exp": "11",
    "foil": "Gold",
    "attack": "9",
    "armor": "0",
    "honor points": "11000",
    "source": "Ladder Chest"
  }
]