[
  {
    "image": "https://lb2nastorage-hk-cdn-endpoint.azureedge.net/nft-image/bin/nft/ol/20002.png",
    "salePrice": "8.4 USDT",
    "desc": "Friendly  Zombie members inflict skill damage → Increase damage by 2.",
    "name": "Pirate Zombie",
    "type": "Members",
    "faction": "Zombie",
    "rarity": "Epic",
    "cost": "5",
    "level": "1",
    "exp": "1",
    "foil": "Regular",
    "attack": "10",
    "armor": "0",
    "honor points": "100",
    "source": "Ladder Chest"
  },
  {
    "image": "https://lb2nastorage-hk-cdn-endpoint.azureedge.net/nft-image/bin/nft/ol/20002.png",
    "salePrice": "48 USDT",
    "desc": "Friendly  Zombie members inflict skill damage → Increase damage by 3.",
    "name": "Pirate Zombie",
    "type": "Members",
    "faction": "Zombie",
    "rarity": "Epic",
    "cost": "5",
    "level": "3",
    "exp": "6",
    "foil": "Regular",
    "attack": "12",
    "armor": "0",
    "honor points": "600",
    "source": "Ladder Chest"
  },
  {
    "image": "https://lb2nastorage-hk-cdn-endpoint.azureedge.net/nft-image/bin/nft/ol/20002.png",
    "salePrice": "130 USDT",
    "desc": "Friendly  Zombie members inflict skill damage → Increase damage by 4.",
    "name": "Pirate Zombie",
    "type": "Members",
    "faction": "Zombie",
    "rarity": "Epic",
    "cost": "5",
    "level": "5",
    "exp": "16",
    "foil": "Regular",
    "attack": "14",
    "armor": "0",
    "honor points": "1600",
    "source": "Ladder Chest"
  }
]