[
  {
    "image": "https://lb2nastorage-hk-cdn-endpoint.azureedge.net/nft-image/bin/nft/ol/20044.png",
    "salePrice": "0.015 USDT",
    "desc": "Start of battle → Deal 3 to 5 damage to the last enemy member.",
    "name": "Miner Zombie",
    "type": "Members",
    "faction": "Zombie",
    "rarity": "Rare",
    "cost": "3",
    "level": "1",
    "exp": "1",
    "foil": "Regular",
    "attack": "6",
    "armor": "0",
    "honor points": "20",
    "source": "All"
  },
  {
    "image": "https://lb2nastorage-hk-cdn-endpoint.azureedge.net/nft-image/bin/nft/ol/20044.png",
    "salePrice": "0.072 USDT",
    "desc": "Start of battle → Deal 3 to 5 damage to the last enemy member.",
    "name": "Miner Zombie",
    "type": "Members",
    "faction": "Zombie",
    "rarity": "Rare",
    "cost": "3",
    "level": "2",
    "exp": "4",
    "foil": "Regular",
    "attack": "7",
    "armor": "0",
    "honor points": "80",
    "source": "All"
  },
  {
    "image": "https://lb2nastorage-hk-cdn-endpoint.azureedge.net/nft-image/bin/nft/ol/20044.png",
    "salePrice": "0.17 USDT",
    "desc": "Start of battle → Deal 4 to 6 damage to the last enemy member.",
    "name": "Miner Zombie",
    "type": "Members",
    "faction": "Zombie",
    "rarity": "Rare",
    "cost": "3",
    "level": "3",
    "exp": "10",
    "foil": "Regular",
    "attack": "8",
    "armor": "0",
    "honor points": "200",
    "source": "All"
  },
  {
    "image": "https://lb2nastorage-hk-cdn-endpoint.azureedge.net/nft-image/bin/nft/ol/20044.png",
    "salePrice": "1.14 USDT",
    "desc": "Start of battle → Deal 4 to 6 damage to the last enemy member.",
    "name": "Miner Zombie",
    "type": "Members",
    "faction": "Zombie",
    "rarity": "Rare",
    "cost": "3",
    "level": "4",
    "exp": "20",
    "foil": "Regular",
    "attack": "9",
    "armor": "0",
    "honor points": "400",
    "source": "All"
  },
  {
    "image": "https://lb2nastorage-hk-cdn-endpoint.azureedge.net/nft-image/bin/nft/ol/20044.png",
    "salePrice": "0.35 USDT",
    "desc": "Start of battle → Deal 5 to 7 damage to the last enemy member.",
    "name": "Miner Zombie",
    "type": "Members",
    "faction": "Zombie",
    "rarity": "Rare",
    "cost": "3",
    "level": "5",
    "exp": "35",
    "foil": "Regular",
    "attack": "10",
    "armor": "0",
    "honor points": "700",
    "source": "All"
  }
]