[
  {
    "image": "https://lb2nastorage-hk-cdn-endpoint.azureedge.net/nft-image/bin/nft/ol/20098.png",
    "salePrice": "0.021 USDT",
    "desc": "Knocked out → Give +5 Armor to the friendly Dragon member with the highest Armor.",
    "name": "Obsidian Dragon",
    "type": "Members",
    "faction": "Dragon",
    "rarity": "Rare",
    "cost": "3",
    "level": "1",
    "exp": "1",
    "foil": "Regular",
    "attack": "6",
    "armor": "0",
    "honor points": "20",
    "source": "All"
  },
  {
    "image": "https://lb2nastorage-hk-cdn-endpoint.azureedge.net/nft-image/bin/nft/ol/20098.png",
    "salePrice": "0.264 USDT",
    "desc": "Knocked out → Give +5 Armor to the friendly Dragon member with the highest Armor.",
    "name": "Obsidian Dragon",
    "type": "Members",
    "faction": "Dragon",
    "rarity": "Rare",
    "cost": "3",
    "level": "2",
    "exp": "4",
    "foil": "Regular",
    "attack": "7",
    "armor": "0",
    "honor points": "80",
    "source": "All"
  },
  {
    "image": "https://lb2nastorage-hk-cdn-endpoint.azureedge.net/nft-image/bin/nft/ol/20098.png",
    "salePrice": "0.24 USDT",
    "desc": "Knocked out → Give +6 Armor to the friendly Dragon member with the highest Armor.",
    "name": "Obsidian Dragon",
    "type": "Members",
    "faction": "Dragon",
    "rarity": "Rare",
    "cost": "3",
    "level": "3",
    "exp": "10",
    "foil": "Regular",
    "attack": "8",
    "armor": "0",
    "honor points": "200",
    "source": "All"
  },
  {
    "image": "https://lb2nastorage-hk-cdn-endpoint.azureedge.net/nft-image/bin/nft/ol/20098.png",
    "salePrice": "1.75 USDT",
    "desc": "Knocked out → Give +7 Armor to the friendly Dragon member with the highest Armor.",
    "name": "Obsidian Dragon",
    "type": "Members",
    "faction": "Dragon",
    "rarity": "Rare",
    "cost": "3",
    "level": "5",
    "exp": "35",
    "foil": "Regular",
    "attack": "10",
    "armor": "0",
    "honor points": "700",
    "source": "All"
  }
]