[
  {
    "image": "https://lb2nastorage-hk-cdn-endpoint.azureedge.net/nft-image/bin/nft/ol/20100.png",
    "salePrice": "0.85 USDT",
    "desc": "Attack and survive → Deal 3 to 5 damage to 2 random enemy members.",
    "name": "Shadow Dragon",
    "type": "Members",
    "faction": "Dragon",
    "rarity": "Epic",
    "cost": "7",
    "level": "1",
    "exp": "1",
    "foil": "Regular",
    "attack": "6",
    "armor": "14",
    "honor points": "100",
    "source": "Ahoy Box"
  },
  {
    "image": "https://lb2nastorage-hk-cdn-endpoint.azureedge.net/nft-image/bin/nft/ol/20100.png",
    "salePrice": "3 USDT",
    "desc": "Attack and survive → Deal 3 to 5 damage to 2 random enemy members.",
    "name": "Shadow Dragon",
    "type": "Members",
    "faction": "Dragon",
    "rarity": "Epic",
    "cost": "7",
    "level": "2",
    "exp": "3",
    "foil": "Regular",
    "attack": "7",
    "armor": "15",
    "honor points": "300",
    "source": "Ahoy Box"
  },
  {
    "image": "https://lb2nastorage-hk-cdn-endpoint.azureedge.net/nft-image/bin/nft/ol/20100.png",
    "salePrice": "4.8 USDT",
    "desc": "Attack and survive → Deal 4 to 6 damage to 2 random enemy members.",
    "name": "Shadow Dragon",
    "type": "Members",
    "faction": "Dragon",
    "rarity": "Epic",
    "cost": "7",
    "level": "3",
    "exp": "6",
    "foil": "Regular",
    "attack": "8",
    "armor": "16",
    "honor points": "600",
    "source": "Ahoy Box"
  },
  {
    "image": "https://lb2nastorage-hk-cdn-endpoint.azureedge.net/nft-image/bin/nft/ol/20100.png",
    "salePrice": "16.8 USDT",
    "desc": "Attack and survive → Deal 4 to 6 damage to 2 random enemy members.",
    "name": "Shadow Dragon",
    "type": "Members",
    "faction": "Dragon",
    "rarity": "Epic",
    "cost": "7",
    "level": "4",
    "exp": "12",
    "foil": "Regular",
    "attack": "9",
    "armor": "17",
    "honor points": "1200",
    "source": "Ahoy Box"
  },
  {
    "image": "https://lb2nastorage-hk-cdn-endpoint.azureedge.net/nft-image/bin/nft/ol/20100.png",
    "salePrice": "15.2 USDT",
    "desc": "Attack and survive → Deal 5 to 7 damage to 2 random enemy members.",
    "name": "Shadow Dragon",
    "type": "Members",
    "faction": "Dragon",
    "rarity": "Epic",
    "cost": "7",
    "level": "5",
    "exp": "16",
    "foil": "Regular",
    "attack": "10",
    "armor": "18",
    "honor points": "1600",
    "source": "Ahoy Box"
  }
]